,sequence,ANNOT,variance
0,MDMKIKIFEGITRNVFILGLVSLFTDLSSQMVFPLIPLFMVTVLGSGVYAVGIVEGAAETTASFLKVVSGYWSDKIGRRKPFVLFGYSLSAITKPLFAFANIWSFVLYIRVLERIGKGIRSAPRDAIVAESSDASVRGKAYGFHRAMDGVGSVLGASIAFLLLPILGYRNIFMFAFLPGILAVFVILFIKEKKITSEEHKINEMSIKHSFKELSPNLKLFIIVSEIFALGHFGYAFLLVRAVDIGLADNMAILLYIIFYVVYTICAIPFGILSDQIGRKPILRAGYVIFGITSFGLVFATNIYSISLLFVSYGIFYAMIDGAQRAFVVDLAPKHLKATALGTFHTAIGLVALPGGYIAGSLWDKISPETTFIYGFTLSVISLILFTFVKEK,"['transporters', 'cenmetpat', 'cenmetpat', 'transporters', 'sul_other', 'cenmetpat', 'cenmetpat', 'sul_other', 'sul_other', 'transporters', 'transporters', 'cenmetpat', 'sul_other', 'transporters', 'transporters', 'transporters', 'cenmetpat', 'transporters', 'sul_other', 'transporters', 'transporters', 'transporters', 'transporters', 'transporters', 'transporters', 'transporters', 'cenmetpat', 'cenmetpat', 'transporters', 'transporters', 'cenmetpat', 'transporters', 'transporters', 'sul_other', 'cenmetpat', 'transporters', 'sul_other', 'transporters', 'transporters', 'transporters', 'transporters', 'transporters', 'transporters', 'transporters', 'transporters', 'transporters', 'transporters', 'sul_other', 'transporters', 'transporters']",120.42240000000001
1,MHETIRCDIFSAETTDRAASLLLWASSATTVLILLSIIGTIVYRGIGVIDISFLLDSPRMSGAEGGIFPAIIGTLCLVAVAILTAAPIGVGAAVYLTEYAPDNAITHIITFGVECLAGIPSIVIGLFGYAFLVVYLGFGFSIISGGLALMFMILPWTVRASEEAIKTVSGDLKDSSLALGATKWQTIRQVVLPGALPGITTGIILGIGKAIGETAVIMYTAGSSLLLPESIFEPVRALPYHLYILASEGISDEMAYGSAAVLLGMVLLINITAVAIQRYYQARSGLRH,"['transporters', 'transporters', 'transporters', 'transporters', 'sul_other', 'sul_other', 'sul_other', 'transporters', 'transporters', 'transporters', 'transporters', 'transporters', 'transporters', 'transporters', 'transporters', 'transporters', 'sul_other', 'transporters', 'sul_other', 'transporters', 'sul_other', 'sul_other', 'transporters', 'sul_other', 'sul_other', 'sul_other', 'transporters', 'transporters', 'sul_other', 'transporters', 'transporters', 'transporters', 'transporters', 'transporters', 'sul_other', 'transporters', 'transporters', 'transporters', 'transporters', 'transporters', 'transporters', 'transporters', 'sul_other', 'transporters', 'transporters', 'transporters', 'transporters', 'transporters', 'transporters', 'transporters']",3.0784000000000002
2,MKIRVVSSREEIPNLNQDETVIHLAFRPSNTDIFTLVQTCPKVEVIQLPGSYRRTISKSIEMFMDMQNIKLMEGDVWGHRKDINEYYSTSTVINDRIKHLKSEGTPDEVIADKLSREGKLNKDMLLYMLSK,"['serine', 'serine', 'odegsyn', 'aom', 'serine', 'serine', 'asssulred', 'serine', 'sul_other', 'serine', 'serine', 'serine', 'serine', 'pyrimidine', 'serine', 'asssulred', 'asssulred', 'asssulred', 'asssulred', 'asssulred', 'serine', 'serine', 'serine', 'serine', 'odegsyn', 'asssulred', 'pyrimidine', 'serine', 'serine', 'serine', 'serine', 'asssulred', 'serine', 'serine', 'serine', 'serine', 'serine', 'serine', 'serine', 'serine', 'serine', 'asssulred', 'serine', 'asssulred', 'serine', 'serine', 'serine', 'asssulred', 'asssulred', 'asssulred']",117.00840000000002
3,MIRQFQPKFVITNRIASGLTMIERARGFLEAAELSEEWIRSMGDRALVLEAHHTTHIEGTQLTLDQSRRLLAGEDVANVDPDDVRELLNYRRAFDLVSQYLDSSEHITEEFILEIHKQLVEGVRGSAATPGEYRNVQNYVVNSATGDVIYKPPSPEEVSGMMETLVEWLNSETEIHPILMSGISQFQLVHVHPFWDGNGRTSRLLSTLCLYRAGYDFKRLFTISEYYDRNRAVFYKAIQDVREQDMDMTRWLEYFVEGLATQMQEMVERGKGAMRSDLIVKQYDLKERQAKALRFFLENDEMHMRDMEALCPKVNRRTLQR,"['purine', 'purine', 'odegsyn', 'purine', 'purine', 'purine', 'purine', 'purine', 'purine', 'purine', 'purine', 'purine', 'purine', 'purine', 'purine', 'purine', 'purine', 'purine', 'purine', 'purine', 'purine', 'purine', 'two_comp', 'purine', 'purine', 'purine', 'purine', 'purine', 'purine', 'purine', 'purine', 'purine', 'purine', 'purine', 'purine', 'purine', 'purine', 'purine', 'org_sul_trans', 'purine', 'purine', 'odegsyn', 'purine', 'purine', 'purine', 'purine', 'purine', 'purine', 'purine', 'purine']",8.2836
4,MFLLKAMLQYIAFNNATEIISDQDLKFSPLNFAYTQAWMTINDVDAPYQLNEMDLNDLAVLLNVPKPPLKDDIYNFYKLLDEDECECFVDELAKCYKKAGLIGGVVVFFDNHTIPYYGGVPIGFVYHTTRNMPIKGIHLAQLNDINGNFILFKLIPSTTAFANILVELLERMRRVLDITIPLTLVVDREAEGLQLFQELQRRNIYFTVVITKNSKVTKEMESIPESDFKEKFRDKEKITETEITLKDIPFRAGVIMHENGKRYGFRTTIPKENISDIKVIASFIPARWRQENKFEEVKNGEDVDKIARYEFLAAPNIHLQNKYDELQNQLQKVGEKRVKKEGELEILSKQYEKKKQTYENRLGTKDEQLVNLEKRLRKAGERNVFERRLKIKMKERDGIIQYYSVALSKIGNKMDEVTKRLEKDNTSKENMEEELKNIDLDAEFFRLNNASTTFNIAVKE,"['purine', 'purine', 'purine', 'purine', 'purine', 'org_sul_trans', 'purine', 'purine', 'asssulred', 'purine', 'purine', 'purine', 'purine', 'purine', 'purine', 'purine', 'org_sul_trans', 'purine', 'purine', 'purine', 'purine', 'asssulred', 'purine', 'purine', 'purine', 'purine', 'purine', 'purine', 'purine', 'org_sul_trans', 'purine', 'purine', 'purine', 'purine', 'org_sul_trans', 'purine', 'org_sul_trans', 'purine', 'purine', 'purine', 'asssulred', 'purine', 'purine', 'purine', 'purine', 'asssulred', 'purine', 'purine', 'purine', 'purine']",33.85
5,MIPEKGSIRGTARATGYDKDTICRWLDLAGAHCKEVTDYYFQELEFGQVQIDEIWSYIKKRKKT,"['asssulred', 'serine', 'pyrimidine', 'serine', 'asssulred', 'asssulred', 'serine', 'asssulred', 'serine', 'sul_other', 'serine', 'org_sul_trans', 'asssulred', 'serine', 'asssulred', 'serine', 'serine', 'serine', 'sul_other', 'serine', 'serine', 'serine', 'serine', 'asssulred', 'serine', 'asssulred', 'asssulred', 'serine', 'org_sul_trans', 'serine', 'serine', 'serine', 'serine', 'sul_other', 'serine', 'asssulred', 'serine', 'serine', 'sul_other', 'asssulred', 'asssulred', 'serine', 'sul_other', 'asssulred', 'sul_other', 'serine', 'serine', 'serine', 'serine', 'serine']",111.93000000000002
6,MNHIAQAPIDPASAQCAPCEVALVLDAGTQYTLLFLVLAIGLSLAYLYFKITFTLNKTNTTLEEISDLFDTLK,"['serine', 'org_sul_trans', 'serine', 'serine', 'serine', 'serine', 'org_sul_trans', 'serine', 'oxid_met_c1', 'serine', 'serine', 'org_sul_trans', 'org_sul_trans', 'serine', 'org_sul_trans', 'serine', 'serine', 'serine', 'serine', 'cenmetpat', 'org_sul_trans', 'sul_other', 'serine', 'dissnitred', 'org_sul_trans', 'serine', 'serine', 'serine', 'serine', 'org_sul_trans', 'org_sul_trans', 'serine', 'oxid_met_c1', 'oxid_met_c1', 'serine', 'serine', 'serine', 'serine', 'serine', 'serine', 'org_sul_trans', 'org_sul_trans', 'serine', 'aceti_met', 'org_sul_trans', 'org_sul_trans', 'serine', 'serine', 'org_sul_trans', 'serine']",55.92
7,MCELKVILDRGGELELVMESVTRMVVDGDSIELTGIFGDRINVSGSIKEVDFTKGETLILGK,"['rump', 'purine', 'purine', 'in_or_sul', 'rump', 'rump', 'in_or_sul', 'rump', 'in_or_sul', 'in_or_sul', 'serine', 'serine', 'org_sul_trans', 'serine', 'in_or_sul', 'serine', 'in_or_sul', 'dissnitred', 'in_or_sul', 'rump', 'rump', 'rump', 'asssulred', 'oxid_formaldehyde', 'sul_other', 'asssulred', 'rump', 'rump', 'in_or_sul', 'rump', 'in_or_sul', 'serine', 'dissnitred', 'purine', 'rump', 'sul_other', 'serine', 'SOX', 'in_or_sul', 'dissnitred', 'serine', 'purine', 'serine', 'dissnitred', 'serine', 'serine', 'dissnitred', 'rump', 'rump', 'rump']",91.64959999999999
8,MELNWYLKKHHHNYYSLVAPYREDGKNRHQKIHYFGRLTPEEVETINSALKILKNPETETPKLEDIIFENHWRYLDAAFLNFIWDQWELSEIFPLSEKKNVQTAEIAKILTIYRCLDPGSYISAVDWFEHTALDRILHINTQHINKSRIFRELDKIEDRKTDLENHLYKTLTKRDDASMKIVFYDLTDSYFEGRKCDLTSPGITKSNGFRKKKIVLSLLVNSKGYPFAWDILEDYTADVNTIKNLSTQWKTQFKFGDGEIILVFDRGMVSDDNLTHLEDNKYVYITAMDKNQIPNIKNVNIKRFEPLNSENMFEQITKMGFKKYDENTYYDDLGTVDGRRYVLIFNPEMFVGESKSREELIFRAKAYLEEENKALSKAEKSRNISTTRNKINKILKKMKSNKYVDFDLEPLMIKNDGKIVKSFRIIPKENDENREAIKKARRTDGLWLIVTNNKSKKDGGKKLTEENLIFAYRNKDQIEQAFKDVKSFINIQPFNVWESKHVRAHYTICVLSHLMNITITNRLKDANVDIKSTQKVYKILRDGIIGKLSLKETGEDSITLAQVQSQQKNVLKLFQSESIVRKKYLKSIGINC,"['org_sul_trans', 'ox_phosphorylation', 'ox_phosphorylation', 'ox_phosphorylation', 'org_sul_trans', 'ox_phosphorylation', 'org_sul_trans', 'org_sul_trans', 'org_sul_trans', 'ox_phosphorylation', 'odegsyn', 'org_sul_trans', 'odegsyn', 'odegsyn', 'serine', 'denitrification', 'ox_phosphorylation', 'org_sul_trans', 'ox_phosphorylation', 'org_sul_trans', 'ox_phosphorylation', 'ox_phosphorylation', 'org_sul_trans', 'org_sul_trans', 'ox_phosphorylation', 'org_sul_trans', 'ox_phosphorylation', 'org_sul_trans', 'ox_phosphorylation', 'org_sul_trans', 'org_sul_trans', 'org_sul_trans', 'odegsyn', 'org_sul_trans', 'ox_phosphorylation', 'serine', 'ox_phosphorylation', 'org_sul_trans', 'org_sul_trans', 'org_sul_trans', 'org_sul_trans', 'ox_phosphorylation', 'ox_phosphorylation', 'org_sul_trans', 'ox_phosphorylation', 'oxid_met_c1', 'org_sul_trans', 'org_phos_hyd', 'ox_phosphorylation', 'org_sul_trans']",9.040000000000001
9,MRLEEAVLLRTTNKGKLREFITTVSEEKFHSDFGIIDLGELLQKEIGDTITSHMGQVFVIQKPRMPDMFKYARRTGAPMMPKDIGSVIAYTGLNKQDSVLDAGTGSGILAMYLGSIAKRVVSYEVKDDFATVARRNIERAGLDNVEVRCGNIVNEISALDEKFDVVTLDTIDAMDVIRNVKKVLHAGGFVVTYSPFFEQTKEIRDRMAEAGFVDVTTIECIEREISFSDRGTRPSTARVGHTGFITIART,"['dissnitred', 'dissnitred', 'SOX', 'dissnitred', 'dissnitred', 'dissnitred', 'dissnitred', 'pyruvate', 'pentose', 'dissnitred', 'cenmetpat', 'dissnitred', 'dissnitred', 'dissnitred', 'pyruvate', 'dissnitred', 'dissnitred', 'dissnitred', 'dissnitred', 'phos_other', 'dissnitred', 'dissnitred', 'purine', 'purine', 'pyruvate', 'pyrimidine', 'dissnitred', 'nitfix', 'dissnitred', 'dissnitred', 'dissnitred', 'phos_other', 'dissnitred', 'dissnitred', 'dissnitred', 'pyruvate', 'pyruvate', 'dissnitred', 'pentose', 'dissnitred', 'dissnitred', 'dissnitred', 'dissnitred', 'pentose', 'pyruvate', 'dissnitred', 'SOX', 'dissnitred', 'dissnitred', 'dissnitred']",63.1504
10,MKETLKLWNPWWLYAKVPESKKRIARPETVDGIIKLLNIKEIICITGVRRCGKSTVLYQVIDHLVENGINPMSILYFNLDEPFEDKSIRILDRIFENYIEINNPAGRKYIFLDEIQNIENWEKWLKKYYDLYDRDIKFIITGSNSTMLSDKLSSLLTGRLISKTVYPLSFKEYLAFIGFELKDTDVQKSEVIHHFLNYLNNGGFPEVVLEMDVDINHMRLKEYFDSILLRDIVVGKNIRESSKLIELANYSLTNISALLSYMKISKTIGLSVSSIKEYLLYLEQAYLIYQLNFFSYSIKTSLAIQKPRKIYCIDNGLRNAASFKFSPDEGKLAENITFIELKRRRLDVYYWKGRRGVDFVVRNKDNSLTGVNVTYSDVIGEREIKALLEFKENFQERVSELILITRNVEKTENGITYVPVWKWLLESGE,"['odegsyn', 'odegsyn', 'pyrimidine', 'asssulred', 'odegsyn', 'odegsyn', 'odegsyn', 'odegsyn', 'asssulred', 'odegsyn', 'odegsyn', 'ox_phosphorylation', 'asssulred', 'odegsyn', 'odegsyn', 'odegsyn', 'odegsyn', 'ox_phosphorylation', 'odegsyn', 'odegsyn', 'odegsyn', 'odegsyn', 'odegsyn', 'odegsyn', 'odegsyn', 'odegsyn', 'odegsyn', 'odegsyn', 'odegsyn', 'odegsyn', 'odegsyn', 'asssulred', 'asssulred', 'ox_phosphorylation', 'odegsyn', 'odegsyn', 'ox_phosphorylation', 'asssulred', 'pyrimidine', 'odegsyn', 'odegsyn', 'odegsyn', 'odegsyn', 'odegsyn', 'odegsyn', 'ox_phosphorylation', 'odegsyn', 'odegsyn', 'odegsyn', 'ox_phosphorylation']",16.5024
11,MASILISSSEKYSGKSALCIGLGMILKRQGYTIGYMKPIGNLLVDINGVLADEDAEEMRRIFGLTDPIKAITPILLTENLTHDALMGVQKELDKTLNDAYSIVSEGKDIVFIEGAGGIGGGAMYNLSDPEVASKLNTHILLITKYESVFAVDRILCDFKTIDDMNMVSGVILNEVPESEYEKVTELVVPFLEKRGITVFGVIPQDATLRSVMISDLIENMHAEVLAGADHLDNLVEHYFVGAMEVNSAIKYFRRAPNSAVITGGDRSDIQLAAIEAKVKCLILTGNLRPSEAVLGSAEHADIPVILVRGDTMGTIERVEHLIGRARIKEDMKLNKIVELIENNVDVDALIKAIGL,"['phosphotransferase', 'in_or_sul', 'phosphotransferase', 'aceti_met', 'in_or_sul', 'aceti_met', 'odegsyn', 'in_or_sul', 'phosphotransferase', 'purine', 'in_or_sul', 'in_or_sul', 'in_or_sul', 'purine', 'phosphotransferase', 'phosphotransferase', 'purine', 'odegsyn', 'phosphotransferase', 'phosphotransferase', 'phosphotransferase', 'odegsyn', 'in_or_sul', 'phosphotransferase', 'phosphotransferase', 'phosphotransferase', 'odegsyn', 'phosphotransferase', 'in_or_sul', 'phosphotransferase', 'phosphotransferase', 'phosphotransferase', 'in_or_sul', 'pyruvate', 'odegsyn', 'odegsyn', 'phosphotransferase', 'phosphotransferase', 'in_or_sul', 'in_or_sul', 'in_or_sul', 'sulfur_ox', 'pyruvate', 'in_or_sul', 'in_or_sul', 'in_or_sul', 'pyruvate', 'purine', 'in_or_sul', 'phosphotransferase']",59.5876
12,MDQLSQLQDTAEKITSMEIRGAGRIAKAAAVALRDYAKSLEVGSIGEFSRHIENAAKLLVDTRPTAVSLPNAVRLTARYTSADVEEAREEIINNAEQFIKQAGDALQKIGEIGGRRIRDGDVIMTHCNSHAALSVITTAFGQGKDISVIATETRPRRQGLLTSKHLLDHGIPTTLIVDSAVRYCMKEVDSVIVGADAIAVNGALVNKIGTSQLALAAHEARTNFLTAAETYKFSPDTILGEFIEIEERSVDEVIDKETLAGLPELNVRNPAFDITPPEYIDLIITDVGAVPPGMAYSIIKDHLGWEIGDMV,"['pyruvate', 'pyruvate', 'pyruvate', 'phosphotransferase', 'pyruvate', 'pyruvate', 'phosphotransferase', 'pyruvate', 'phosphotransferase', 'aceti_met', 'pyruvate', 'phosphotransferase', 'pyruvate', 'pyruvate', 'phosphotransferase', 'pyruvate', 'pyruvate', 'rump', 'pyruvate', 'pyruvate', 'pyruvate', 'aceti_met', 'phosphotransferase', 'pyruvate', 'pyruvate', 'pyruvate', 'org_sul_trans', 'pyruvate', 'org_sul_trans', 'phosphotransferase', 'pyruvate', 'pyruvate', 'pyruvate', 'pyruvate', 'pyruvate', 'pyruvate', 'phosphotransferase', 'pyruvate', 'pyruvate', 'phosphotransferase', 'phosphotransferase', 'pyruvate', 'pyruvate', 'pyruvate', 'pyruvate', 'pyruvate', 'org_sul_trans', 'pyruvate', 'phosphotransferase', 'org_sul_trans']",32.166399999999996
13,MTATKTIYLAAPLFSEAEREFNNKIRDQMVERGFSVFLPQEDSNDTTDMRHQEKQNYIFRQNLEAIDNSDIIIAVLDGGSDVDSGTAWELGYAFAIKKPVLGLKTDFRTLGPEGTVNLMIEVSVDALTTDISELMDALEQHC,"['org_sul_trans', 'org_sul_trans', 'org_sul_trans', 'serine', 'org_sul_trans', 'org_sul_trans', 'serine', 'org_sul_trans', 'serine', 'org_sul_trans', 'org_sul_trans', 'org_sul_trans', 'org_sul_trans', 'org_sul_trans', 'org_sul_trans', 'org_sul_trans', 'serine', 'org_sul_trans', 'org_sul_trans', 'org_sul_trans', 'aom', 'org_sul_trans', 'serine', 'org_sul_trans', 'org_sul_trans', 'org_sul_trans', 'aom', 'org_sul_trans', 'org_sul_trans', 'org_sul_trans', 'org_sul_trans', 'org_sul_trans', 'org_sul_trans', 'aom', 'org_sul_trans', 'org_sul_trans', 'org_sul_trans', 'serine', 'serine', 'serine', 'org_sul_trans', 'org_sul_trans', 'serine', 'org_sul_trans', 'serine', 'org_sul_trans', 'aom', 'aom', 'serine', 'org_sul_trans']",51.64639999999999
14,MEENFVNKRIGKYSLIASFVSSVALSIIFILLAIFKNSVMTTPLYTQVDIAAGAVFVFILGMIISASIWPNIVGKRLKNTGQ,"['sul_other', 'transporters', 'sul_other', 'sul_other', 'sul_other', 'sul_other', 'cenmetpat', 'sul_other', 'cenmetpat', 'sul_other', 'sul_other', 'sul_other', 'sul_other', 'cenmetpat', 'sul_other', 'sul_other', 'sul_other', 'cenmetpat', 'transporters', 'sul_other', 'sul_other', 'sul_other', 'sul_other', 'sul_other', 'sul_other', 'sul_other', 'sul_other', 'sul_other', 'transporters', 'cenmetpat', 'sul_other', 'sul_other', 'sul_other', 'sul_other', 'sul_other', 'sul_other', 'sul_other', 'cenmetpat', 'sul_other', 'cenmetpat', 'sul_other', 'cenmetpat', 'sul_other', 'cenmetpat', 'cenmetpat', 'sul_other', 'sul_other', 'sul_other', 'cenmetpat', 'sul_other']",102.2784
15,MNGLIIKTAVIIVILIAGVHMGNLGHSGDQATAPHYLSDGRWDDLQCGGCHGNAYDDVVASYHVQRAGDFEDSMYDGMSYLTRFEIEPGNEDDWAKSYMNYHPGGGPLKTIDGGEGIDVDCNICHDPTGKYDWDARGRAIAQGRYTEANFDAVETIITTQPVAYGVSTTQTCANTCHSGDSKKTGVKWTQGDYDQYDVHASHSVACSECHITTDHQIGRGGVPDPVNSSEAMKECIDCHEGISHGMVIDGAHYDVVTCDGCHIPMLPADTVLESVNWANGVKEEIYKDSKIRPVLEWSDGMDNDKLPVPDSKDDPGVKLMPFNIITVTWWDAGINADVRLNPDTSTVIGDPIALADVKAADADNNGQVSSGEIHAYDGDNNGQADYPNAVLRQQDLYFRVSHNIASTKVGLANPLTCDDCHCASGTSTLDSIHFTADPIKCTICHEYRPPVDWLALGYDADPASPGDYSVLSIEVEKYDPRPKPEEVEGKPALMGNSNELAGEQ,"['org_sul_trans', 'aom', 'sulred', 'nitrification', 'oxid_met_c1', 'denitrification', 'nitrification', 'denitrification', 'sulred', 'oxid_met_c1', 'sulred', 'sulred', 'denitrification', 'sulred', 'nitrification', 'aom', 'oxid_met_c1', 'denitrification', 'sulred', 'denitrification', 'sulred', 'denitrification', 'aom', 'denitrification', 'sulred', 'denitrification', 'nitrification', 'denitrification', 'sulred', 'denitrification', 'nitrification', 'sulred', 'nitrification', 'denitrification', 'sulred', 'aom', 'sulred', 'nitrification', 'sulred', 'nitrification', 'denitrification', 'aom', 'denitrification', 'sulred', 'nitrification', 'denitrification', 'nitrification', 'oxid_met_c1', 'denitrification', 'sulred']",131.9956
16,MKQQVEVKTLKVGKYVVVDDEPCSIKSISKSKPGKHGSAKARIDVIGIFDGQKRSIISSVSAKTYVPLVERKNAQVLSVANNIAQLMDMEDYSTFELPVPDEYSKRVVEGSDITYITAMGKTKIDLR,"['aceti_met', 'org_sul_trans', 'purine', 'aceti_met', 'org_sul_trans', 'aceti_met', 'org_sul_trans', 'org_sul_trans', 'org_sul_trans', 'org_sul_trans', 'serine', 'org_sul_trans', 'org_sul_trans', 'purine', 'purine', 'serine', 'serine', 'purine', 'org_sul_trans', 'purine', 'aceti_met', 'aceti_met', 'aceti_met', 'aceti_met', 'purine', 'purine', 'org_sul_trans', 'purine', 'purine', 'org_sul_trans', 'purine', 'aceti_met', 'org_sul_trans', 'serine', 'serine', 'org_sul_trans', 'aceti_met', 'aceti_met', 'org_sul_trans', 'purine', 'org_sul_trans', 'org_sul_trans', 'org_sul_trans', 'org_sul_trans', 'org_sul_trans', 'org_sul_trans', 'purine', 'purine', 'org_sul_trans', 'aceti_met']",87.3444
17,MFPGMGGRGMNPAKLKSMMKQMGINLTEIDDVEQVIIRTPDRDIVFNDANVSIMNAQGVDTYQIVGTPEEVARELAIPDDDVRLVAEQTGVSEDAAHAALKNANGDLAEAILSLS,"['serine', 'serine', 'serine', 'serine', 'serine', 'serine', 'serine', 'serine', 'phosph_met', 'serine', 'serine', 'serine', 'serine', 'serine', 'phosph_met', 'serine', 'serine', 'phosph_met', 'serine', 'serine', 'serine', 'pentose', 'serine', 'serine', 'serine', 'serine', 'serine', 'serine', 'serine', 'serine', 'serine', 'serine', 'serine', 'serine', 'serine', 'serine', 'serine', 'serine', 'phosph_met', 'serine', 'serine', 'serine', 'phosph_met', 'aceti_met', 'serine', 'serine', 'serine', 'serine', 'serine', 'serine']",18.8176
18,MGHRLISQNRGRGTPTYRAPSHRFKAKLKHPNRDLNETLYGTVTGITHDPARSAPIVKVAFENGEERFILAPEGIAVGDKIACGISAEIKPGNILPLSEIPEGVPICNVESKPDDGGQFARASGVYATLVSHDRNKTVIKMPSGEMKWLSPKCRATIGIVAGGGRVDKPFLKAGKVYHKKKTRAAKYPRVSGVAMNAVDHPFGGGNRKHPGKPTTVSRNAPPGRKVGHIAARRTGKR,"['rump', 'purine', 'pyrimidine', 'purine', 'serine', 'purine', 'rump', 'serine', 'rump', 'purine', 'rump', 'purine', 'pyrimidine', 'pyrimidine', 'rump', 'purine', 'serine', 'serine', 'pyrimidine', 'rump', 'serine', 'purine', 'pyrimidine', 'rump', 'serine', 'purine', 'pyrimidine', 'purine', 'purine', 'purine', 'rump', 'purine', 'purine', 'rump', 'rump', 'pyrimidine', 'rump', 'serine', 'purine', 'purine', 'serine', 'pyrimidine', 'purine', 'serine', 'pyrimidine', 'rump', 'serine', 'pyrimidine', 'serine', 'purine']",2.64
19,NGPITSCKHTKRTAAAKRKDYWKGELLQDATVKEYLTVRQEGSREVKRSLEYYNLDMIISVGYRVKSRVATRFRIWATERLKEYIVKGFTMNDERLKEGDSSRYFEELLARIRDIRSSEKVFWRKVLEIYATSIDYDPNAETTRQFFRQVQNKMHWAAHGHTASELIYARADTTQHNMGVTNYSGNKLLKRDVEVAKNYLNEDELNVLNRIVTAYLEMAELQALNHIPMTMQSWIVRLDQFLTMTGRELLEHAGKISHDAAMQKAHAEYKKYKATQNALPTQVEHHFVEAESVMKKLESEKTCGAQKSDSPLTQKGGGK,"['asssulred', 'asssulred', 'asssulred', 'pyrimidine', 'asssulred', 'asssulred', 'org_phos_hyd', 'asssulred', 'asssulred', 'pyrimidine', 'pyrimidine', 'asssulred', 'pyrimidine', 'asssulred', 'aom', 'aom', 'org_phos_hyd', 'asssulred', 'org_phos_hyd', 'asssulred', 'org_phos_hyd', 'pyrimidine', 'org_phos_hyd', 'asssulred', 'asssulred', 'asssulred', 'pyrimidine', 'asssulred', 'asssulred', 'pyrimidine', 'pyrimidine', 'asssulred', 'ox_phosphorylation', 'asssulred', 'pyrimidine', 'asssulred', 'asssulred', 'org_phos_hyd', 'asssulred', 'asssulred', 'asssulred', 'asssulred', 'asssulred', 'asssulred', 'asssulred', 'asssulred', 'asssulred', 'asssulred', 'asssulred', 'pyrimidine']",72.3264
20,MCGKQETTLYKCRYCGKTYCADHRLPEQHGCAGFSETVRNESPGTYGSTGQQDPDVDKLVKDMLKNTAKHAAKGAAVGTFNRIKRSMYTSPSMAIIYICLFLYFFDFLIRDYIQFLWLDPLFLLARPWTLITHIFLHGSLDHLFINMLVLFFFGRELEKRIGNRVFWNVFFTSGIIAAIGYTLTDTGPMIGASGAIYGVFACMAVLAPGMRVYVYFVPMKIKHALVLFALLDLWLFGAPDMIAHTAHLTGLFVGLVMGMKIKKAYGSRSFGTAHEYNSQR,"['nitrogen_other', 'nitrogen_other', 'nitrogen_other', 'nitrogen_other', 'nitrogen_other', 'nitrogen_other', 'nitrogen_other', 'nitrogen_other', 'transporters', 'transporters', 'nitrogen_other', 'nitrogen_other', 'nitrogen_other', 'nitrogen_other', 'nitrogen_other', 'nitrogen_other', 'nitrogen_other', 'nitrogen_other', 'nitrogen_other', 'transporters', 'nitrogen_other', 'nitrogen_other', 'nitrogen_other', 'nitrogen_other', 'nitrogen_other', 'nitrogen_other', 'nitrogen_other', 'transporters', 'nitrogen_other', 'nitrogen_other', 'nitrogen_other', 'transporters', 'nitrogen_other', 'transporters', 'transporters', 'nitrogen_other', 'nitrogen_other', 'nitrogen_other', 'nitrogen_other', 'nitrogen_other', 'nitrogen_other', 'transporters', 'nitrogen_other', 'nitrogen_other', 'nitrogen_other', 'transporters', 'transporters', 'nitrogen_other', 'transporters', 'nitrogen_other']",75.6756
21,MSSNFEIIEKDAAGRIGRLTTPHGVVETPTIMPVINPNIQIIKPNEMRDYGAEILITNSYIIYRKDELREKALKDGIHSLLDFDGPIMTDSGSFQLSVYGEVEVTNEQIIDFQQKIGTDIGVPLDIPTPPDVPRSRAESELETTIERLAQARELVKDGMLLAGPVQGSTYPDLRERCARKLTGLNFDIYPLGAVVPMMESYRYADLVDVIVSSKKGLDPTAPVHLFGAGHPMMFALAVALGCDLFDSAAYALYAKDGRYMTSHGTHHIEDMHYLPCSCPVCVNRTAGELNNAENRGELLARHNLYVTFEEMRLVKQSIKEGNLLELVEHRCRAHPRLLDGLRQAYKYSDWLEQCDPASKSTFFYCGPESADRPEVLRFSNRLDRLTITGTALIRTNPVKRDREYENLLIFKPPFGSFPDELSEVYPFNAEVVAVPDYESLGRALENTIRLIELNPDAKFTFIRKDGLEHPLFGKLAGIVNMVEKVNDSEQK,"['odegsyn', 'odegsyn', 'odegsyn', 'odegsyn', 'odegsyn', 'pyrimidine', 'odegsyn', 'pyrimidine', 'odegsyn', 'odegsyn', 'odegsyn', 'sulfur_ox', 'pyrimidine', 'dissnitred', 'odegsyn', 'pyrimidine', 'dissnitred', 'odegsyn', 'odegsyn', 'odegsyn', 'odegsyn', 'dissnitred', 'pyrimidine', 'odegsyn', 'odegsyn', 'sulfur_ox', 'odegsyn', 'pyrimidine', 'odegsyn', 'odegsyn', 'odegsyn', 'odegsyn', 'odegsyn', 'sulfur_ox', 'odegsyn', 'dissnitred', 'purine', 'odegsyn', 'odegsyn', 'odegsyn', 'odegsyn', 'odegsyn', 'odegsyn', 'odegsyn', 'pyrimidine', 'odegsyn', 'odegsyn', 'odegsyn', 'odegsyn', 'odegsyn']",38.65
22,MRTIDWNNESKTVIMVDQTLLPNEYKIIECKTLSTLCEAIKSLRVRGAPALGAAGGFGIALAATLSSANTMDALIKDLEVAATTIKGTRPTAVNLAWGVDRIMRAVSDAYDVDGIRDVTIAEAMRIADEDVAINKKLGENGAKLLEDGDTVMTHCNAGKMACVDWGTALGVIRSAVEAGKDINVIACETRPLNQGGRITTWELMQDNIPVKLITDSMSGHVMRKGMVDKVIVGADRITEDAVFNKIGTYTHSVIAREHEVPFYVAAPISSFDFDGWEDSVEIELRDPDELRFFGKEQIAPINVEVYNPAFDATPMENISAIITERGIFEPPFLIDEVKM,"['serine', 'nitfix', 'sulfur_ox', 'purine', 'nitfix', 'dsro', 'nitfix', 'nitfix', 'dsro', 'nitfix', 'dsro', 'rump', 'odegsyn', 'serine', 'dsro', 'rump', 'rump', 'nitfix', 'nitfix', 'dsro', 'rump', 'dsro', 'purine', 'rump', 'sulfur_ox', 'dsro', 'dsro', 'dsro', 'nitfix', 'phosphotransferase', 'dsro', 'rump', 'sul_other', 'sulfur_ox', 'nitfix', 'rump', 'rump', 'org_sul_trans', 'nitfix', 'org_sul_trans', 'nitfix', 'rump', 'nitfix', 'nitfix', 'nitfix', 'rump', 'rump', 'aceti_met', 'nitfix', 'nitfix']",82.12360000000001
23,MRSPEDSVIEILQQNQIDIVATLPCDRIKNLLPLISRNFFEIPLTREENGLGICAGAYMAGGKPVMVIQSTGLGNMINALESLNITCNIPLPILASWRGVYKEGIEAQKPLGEHLPEILDSAGITYTIIDDPDKLYKLNHSIIYAYENLRPHIILFSPKVWEGSTCAAWDEMERITLEERSLDITFRSTILKPHMVRFDAIAAMVPLLNDEIVVANIGVPCKELYALCDRDLNYYMFGSMGLVSSIGLGIALRSGRRVIVLDGDGSLLMNPNALVEIARMDPSNLTIVALDNGAYGSTGSQETLSAKFLDLELLARGCGIENTVKVHTQEGIEKILSSALGADGVTFIHVLLKPGNTDSPNIPLTPAEVTERFMHALKH,"['serine', 'serine', 'serine', 'serine', 'serine', 'serine', 'serine', 'serine', 'serine', 'serine', 'serine', 'serine', 'serine', 'serine', 'serine', 'serine', 'serine', 'serine', 'serine', 'serine', 'serine', 'serine', 'serine', 'serine', 'serine', 'serine', 'serine', 'serine', 'serine', 'serine', 'serine', 'serine', 'serine', 'serine', 'serine', 'serine', 'serine', 'serine', 'serine', 'serine', 'serine', 'serine', 'serine', 'serine', 'serine', 'serine', 'serine', 'serine', 'serine', 'serine']",0.0
24,MKISLGLNFDLRVQINRIRNKNRYYMEDILIMLNKILVDLKQMGGINASSITSRNGLLIVSDIEMESHAKTFAAMSATMLAASETATIELGKGIPDRVIVESDQGKLVVMGAGPDALLVILTEPDAGLGLILVELEKTAEKIKRSFDTSNVSFFIRNEAEDSFLAAKQQGGIVQHAESIL,"['pyrimidine', 'pyrimidine', 'pyrimidine', 'pyrimidine', 'pyrimidine', 'pyrimidine', 'pyrimidine', 'pyrimidine', 'pyrimidine', 'pyrimidine', 'pyrimidine', 'pyrimidine', 'pyrimidine', 'pyrimidine', 'pyrimidine', 'pyrimidine', 'pyrimidine', 'pyrimidine', 'pyrimidine', 'pyrimidine', 'pyrimidine', 'pyrimidine', 'pyrimidine', 'pyrimidine', 'pyrimidine', 'pyrimidine', 'pyrimidine', 'pyrimidine', 'pyrimidine', 'pyrimidine', 'pyrimidine', 'pyrimidine', 'pyrimidine', 'pyrimidine', 'pyrimidine', 'pyrimidine', 'pyrimidine', 'pyrimidine', 'org_sul_trans', 'pyrimidine', 'pyrimidine', 'pyrimidine', 'pyrimidine', 'pyrimidine', 'pyrimidine', 'pyrimidine', 'pyrimidine', 'pyrimidine', 'pyrimidine', 'pyrimidine']",1.9600000000000002
25,MKFKAIVLDIDGTITYENRRLNLRVAELLHTLDIPVVLATGNISCYAQAAAKLIGLGGYVISENGGIILTGYDAEPIVTDDIGECEKAFMFLSKHYDLTKLDPEFRKTEIALGRDFDMDEARALLKERNFEVEIIDTKYAIHIKSNKVNKSTGLKIISKLMGLIPADFVAIGDSVNDAEMIRSAGLGITVANGDAEAKKAADHVTKASFGDGTVEAIEYLRSKSYI,"['serine', 'serine', 'purine', 'purine', 'serine', 'phosph_met', 'phosph_met', 'purine', 'serine', 'phosph_met', 'purine', 'purine', 'serine', 'purine', 'phosph_met', 'purine', 'serine', 'purine', 'phosph_met', 'purine', 'purine', 'phosph_met', 'purine', 'serine', 'purine', 'purine', 'serine', 'serine', 'serine', 'phosph_met', 'purine', 'serine', 'purine', 'purine', 'phosph_met', 'nitfix', 'serine', 'purine', 'phosph_met', 'phosph_met', 'purine', 'purine', 'serine', 'phosph_met', 'purine', 'serine', 'purine', 'serine', 'serine', 'purine']",9.6064
26,MKSIVEEALVRSVQEGHISSSAPMYEDINAELEAMLHDLQTNIKVIGCGGGGSNSTQRMRDEGIKGAELIALNTDAQHLLHVEADQKILIGRKKTRGLGAGSLPQIGEDAALESVDEINAVVADSDMVFITTGLGGGTGTGSAPIVAEAARDAGALTIAVVTLPFGVEGQVRRTNAEAGLERLRDVADTVIVVPNDKLLEIVPRLPLQAAFKVSDEVLMRAVKGITELITKPGLVNLDFADVRTVMQNGGVAMIGLGEADGEDKAIESVQKALRSPLLDVDISGATSALVNVVGGPDMTIAEAESVVQEVYNRIDPNARLIWGAQVDPDLEHTVRTMIVVTGVKSPQIYGHGGAMNVTRRYGIDFVK,"['nitfix', 'serine', 'nitfix', 'serine', 'serine', 'serine', 'serine', 'serine', 'serine', 'serine', 'serine', 'serine', 'serine', 'nitfix', 'purine', 'nitfix', 'nitfix', 'serine', 'in_or_sul', 'serine', 'serine', 'serine', 'serine', 'in_or_sul', 'serine', 'in_or_sul', 'serine', 'serine', 'serine', 'serine', 'serine', 'serine', 'serine', 'serine', 'serine', 'serine', 'serine', 'in_or_sul', 'serine', 'serine', 'nitfix', 'serine', 'serine', 'serine', 'org_sul_trans', 'in_or_sul', 'serine', 'serine', 'serine', 'odegsyn']",61.09
27,MKESIFDILGIGGREDSYTDLIAHSFKTSHEFNRNILANLFVDDYDDWIVKTRLPVAIKSNTGRKKDIPDMLLISKNGNSIVLIENKMFSAEGWEQTKRYASEEFKSSLIHYLYEKKLIETKEPHMFFFYLTLDGEKPASDEFKILKYSHISASIPDELGTSKGDLLLQELKDRIDEYYNWEVPGEDDVIIEYLNRAERLVSPHKAFYTMAENLNIDKRFNKDYYVTGNRGSAYIPACQWYKYPQWRGTNCKKTNTGTTCFEINIDFQ,"['pyrimidine', 'SOX', 'pyrimidine', 'asssulred', 'purine', 'purine', 'purine', 'asssulred', 'pyrimidine', 'pyrimidine', 'pyrimidine', 'SOX', 'purine', 'odegsyn', 'pyrimidine', 'pyrimidine', 'pyrimidine', 'pyrimidine', 'purine', 'org_sul_trans', 'purine', 'asssulred', 'purine', 'purine', 'purine', 'purine', 'purine', 'purine', 'serine', 'odegsyn', 'sulfur_ox', 'pyrimidine', 'asssulred', 'purine', 'org_sul_trans', 'pyrimidine', 'asssulred', 'purine', 'asssulred', 'odegsyn', 'purine', 'purine', 'pyrimidine', 'purine', 'purine', 'asssulred', 'pyrimidine', 'pyrimidine', 'purine', 'asssulred']",78.8016
28,MDTLELLELIEKGEDSHTQFKERFESIDALAAEICAFSNSNGGDIIVGVSDDGDITGLEKYEIQRLNEWVSNTCSQKIDPQVNVITQNIKYLDRIVMVISVPMGSNKFYMANGKDIWVKVGADKRRAKREEIQRLLQSSENFYADEIPVENTNLSDFDIDLFKSFYEHRTNETLADLDIPLEKLMSNLKLMSDGKLTLAGLLAFGKKPEEKKPQFVIKAVLFPGNSPAISEYKDSRDISGNILEMFKVGRSFLINNLRWVQKDQNFNTTGILEIPKIALEEALINAIVHRNYFISSNIRIFIFDNRVEIISPGALPNTIDVESIKMGIHIERNPILVSMLKDFEDIPYRGIGTGIQRILNECKNAGVTVDFIEEKEAEQFKVIFHRN,"['serine', 'serine', 'serine', 'serine', 'serine', 'org_sul_trans', 'serine', 'serine', 'serine', 'serine', 'serine', 'serine', 'serine', 'serine', 'serine', 'serine', 'org_sul_trans', 'serine', 'serine', 'serine', 'serine', 'serine', 'serine', 'serine', 'serine', 'serine', 'org_sul_trans', 'serine', 'SOX', 'serine', 'serine', 'serine', 'serine', 'SOX', 'serine', 'serine', 'serine', 'org_sul_trans', 'org_sul_trans', 'serine', 'serine', 'serine', 'serine', 'serine', 'SOX', 'serine', 'serine', 'serine', 'org_sul_trans', 'serine']",59.85000000000001
29,MDNSNTEMSPNKTARIAGLLYLILGICAGVSWAYTESIYVPSDALTTVDNIQSSEWLFRLNFVGNLVGQIAFLFLIFFLYKLFKPVNKDCARLMAILVIVSIPIAILNSLNLLAPILLLSGGYLSAFGATQFNALIMLFLDLYIYGVFIAGIFWGLWLLPLGYLVFKSGFIPKTIGVFLIIAGFGYVINSLLRFLMPGYNMEISSYTFIGELMIIFWLLFKGVNVQQSDVKNE,"['transporters', 'transporters', 'transporters', 'transporters', 'transporters', 'transporters', 'transporters', 'transporters', 'transporters', 'transporters', 'transporters', 'transporters', 'transporters', 'transporters', 'transporters', 'transporters', 'transporters', 'transporters', 'transporters', 'transporters', 'transporters', 'transporters', 'transporters', 'transporters', 'transporters', 'transporters', 'transporters', 'transporters', 'transporters', 'transporters', 'transporters', 'transporters', 'transporters', 'transporters', 'transporters', 'transporters', 'transporters', 'transporters', 'transporters', 'transporters', 'transporters', 'transporters', 'transporters', 'transporters', 'transporters', 'transporters', 'transporters', 'transporters', 'transporters', 'transporters']",0.0
30,MNLKMFKSESAVSPVIGIILMLGLTILSISTLLIYSVPTLGELEDMAKAQKVEQAFTVFDSRTSKVALGESPIQTTYVSLMGGTINVNGDQDAYNESKIVIVTVNINASGYDDFIDGQNRYRWQSWKHYLAEDGFDELNCSLGSIEYSLDDRIIAYEGGGVWSKYPTGGTIMISPPEFHYNGETLTLPLMKINGRSGVSGTGDVGVSISSDNMPIVLYPNTTMSGDRVNPLKSDKVIIYIKSEFYDAWANYANSQTYTSATVDAANKTAIIELDIIPPMGESTLTGAFKVGTLNSSTPSPIYNFSFNFVAGGSQGLKPSNYRIFASSGTKTLTYTLQKTVGLTLDVEYQDSAAGSEYIERWLNIATIPLTGTTPYETATIDFLSDNYIMKYSDGNTNDVYAEPDFSWGQISELSTLPDLIINDTHNQSTSLNNLTQHYMKLLTMDGSVIFSIDGGSQDPVNYEESTITLNYEGMPGAITYLHITKNELDAAVTV,"['org_sul_trans', 'org_sul_trans', 'transporters', 'serine', 'denitrification', 'org_sul_trans', 'org_sul_trans', 'transporters', 'transporters', 'transporters', 'transporters', 'org_sul_trans', 'org_phos_hyd', 'transporters', 'org_sul_trans', 'transporters', 'org_sul_trans', 'oxid_met_c1', 'transporters', 'denitrification', 'org_sul_trans', 'org_sul_trans', 'transporters', 'transporters', 'org_sul_trans', 'org_sul_trans', 'transporters', 'org_sul_trans', 'org_sul_trans', 'org_sul_trans', 'org_sul_trans', 'org_sul_trans', 'transporters', 'transporters', 'org_sul_trans', 'transporters', 'org_sul_trans', 'transporters', 'org_sul_trans', 'transporters', 'transporters', 'transporters', 'transporters', 'transporters', 'org_sul_trans', 'transporters', 'transporters', 'org_sul_trans', 'transporters', 'org_sul_trans']",88.1024
31,MLTLFEMARGCVVVGVVCGVARVFFPKYRGEDLVGWVEMVAEGIIRKTCSELGIEVIDMFVSSDHIHIFIQYPPKYSISFIAKRIKGRSSKVFGKDFPHLNECAGIISGLQVAITALWVMAGMWLRNISLPTIPMNIIGNNS,"['sulfur_ox', 'cenmetpat', 'oxid_formaldehyde', 'oxid_formaldehyde', 'oxid_formaldehyde', 'oxid_formaldehyde', 'cenmetpat', 'oxid_formaldehyde', 'oxid_formaldehyde', 'oxid_formaldehyde', 'oxid_formaldehyde', 'oxid_formaldehyde', 'oxid_formaldehyde', 'cenmetpat', 'cenmetpat', 'dsro', 'oxid_formaldehyde', 'oxid_formaldehyde', 'cenmetpat', 'oxid_formaldehyde', 'oxid_formaldehyde', 'oxid_formaldehyde', 'oxid_formaldehyde', 'sulfur_ox', 'oxid_formaldehyde', 'oxid_formaldehyde', 'oxid_formaldehyde', 'oxid_formaldehyde', 'sul_other', 'sulfur_ox', 'pyrimidine', 'oxid_formaldehyde', 'oxid_formaldehyde', 'cenmetpat', 'oxid_formaldehyde', 'dissnitred', 'oxid_formaldehyde', 'cenmetpat', 'cenmetpat', 'oxid_formaldehyde', 'oxid_formaldehyde', 'sulfur_ox', 'oxid_formaldehyde', 'oxid_formaldehyde', 'cenmetpat', 'oxid_formaldehyde', 'oxid_formaldehyde', 'cenmetpat', 'sulfur_ox', 'sulfur_ox']",59.61000000000001
32,MEPVRYLMEVNEWWVSGSVDPIFLQEHQRGELQQLIELLDQERITAIIGPRRVGKTTLMYQLIDHLLRSGTKKEHALFISMDDPLVKMMDDPLKTIMDEYLEKVIKKPMREVEKLYVFIDEIHFLPDWTLWLKRYYDLKYNIKFIVTSSSATHLLKYSKESLVGRIIELKIMPLSFKDFIKFKGRSDLLEPFSEKGIFNLDVKDTIFELTKFRNELVIYFNEYILSGGYPEYHPAKDIRTWQNLLISDVIEKTVYRDIATLYKVKKPQYLENILTYIAQNNCQTTSHNRIAQALSISTDTVLNMVYYLESTYFIGSLPLFSKNVKKQIRSNRKLFVIDSGLCNALLKTRSIKDENIGLLVESVVNSNLLAFKESGQSTDIRDISYFTDKQKHEVDIVLDIDGKVVPLEVKYQNNIYDHDFRNLRYFMDAQNLGFGVIVTKNLFEMKRDILCIPAWMFLLVFTD,"['asssulred', 'asssulred', 'ox_phosphorylation', 'purine', 'purine', 'asssulred', 'asssulred', 'asssulred', 'ox_phosphorylation', 'ox_phosphorylation', 'ox_phosphorylation', 'ox_phosphorylation', 'ox_phosphorylation', 'ox_phosphorylation', 'ox_phosphorylation', 'asssulred', 'asssulred', 'ox_phosphorylation', 'asssulred', 'purine', 'ox_phosphorylation', 'ox_phosphorylation', 'asssulred', 'purine', 'asssulred', 'asssulred', 'ox_phosphorylation', 'ox_phosphorylation', 'asssulred', 'ox_phosphorylation', 'asssulred', 'ox_phosphorylation', 'ox_phosphorylation', 'ox_phosphorylation', 'asssulred', 'ox_phosphorylation', 'asssulred', 'asssulred', 'asssulred', 'ox_phosphorylation', 'asssulred', 'asssulred', 'asssulred', 'asssulred', 'purine', 'ox_phosphorylation', 'ox_phosphorylation', 'asssulred', 'asssulred', 'asssulred']",50.91840000000001
33,MPVRQPMPTQPSDERAHNFNEVALGYTPEQAVSEAGRCIECKKPQCVKGCPVNIDIPAFIRSMKNSDFDGAIEKIKETNSLPAICGRVCPQETQCEMYCVLGKKEEPVAIGRLERFCADHEREKGVKTPQRTPSTGKRVAVVGSGPAGLAAASDLAKTGHEVTIFEALHAAGGVLIYGIPEFRLPKDIVQKEVDYIVQLGVDIKPDYVIGKIKTIDELKEEFDAIFIGTGAGLPNFMGIGGENLNGVYSANEFLTRVNLMKAYQFPKYDTPIKRGKRVIVVGGGNVAMDAARCALRLGAEEVSIVYRRSDDELPARREEIEHAKEEGIIFRLLTNPVKILGDENLMVTGAECIKMKLGEPDDSGRRRPQEIKGSEHVVDADIVIMAIGTSPNPLIFEGAGELEASKWGTIIVDESGMTSIEGVCAGGDVVTGAATVISAMGAGKLAAVTINEYLK,"['sulred', 'sulred', 'sulred', 'sulred', 'sulred', 'sulred', 'sulred', 'sulred', 'sulred', 'sulred', 'sulred', 'sulred', 'odegsyn', 'sulred', 'sulred', 'odegsyn', 'sulred', 'sulred', 'sulred', 'sulred', 'sulred', 'sulred', 'sulred', 'sulred', 'sulred', 'sulred', 'sulred', 'odegsyn', 'sulred', 'sulred', 'odegsyn', 'sulred', 'sulred', 'sulred', 'sulred', 'sulred', 'sulred', 'sulred', 'sulred', 'sulred', 'sulred', 'sulred', 'sulred', 'sulred', 'sulred', 'sulred', 'sulred', 'odegsyn', 'sulred', 'sulred']",32.49
34,MVLTASSGCLRSFEDESQIRITNMDISAKEVKSAFVNIDVTTYVENYHGDSSKNTSLLLKAFSTGTGLLEVQTQGDIGIINKGDTVSITQSLELQKEGGYRIVSVLFEEEKKKNTGEITIYNLENLPADVQDIGIEVAGMDFLVREINGSRVVIQSDLYLTNEGTGTSGNYEMLIKAREMDARLLADKVWINTGSIKPETTIIKSVNLTVPDQYNYVVEVLIWSNDTIVKRGEDYVQLKPEMTIDAGTEVKTKHIETSEFILPREDIDYSMEYGEDAMPGFEILMAIASILLVVLVQRRKEK,"['serine', 'cenmetpat', 'phosph_met', 'transporters', 'sul_other', 'sul_other', 'transporters', 'serine', 'sulfur_ox', 'cenmetpat', 'phosph_met', 'phosph_met', 'aceti_met', 'phosph_met', 'aceti_met', 'serine', 'phosph_met', 'transporters', 'cenmetpat', 'org_sul_trans', 'serine', 'transporters', 'cenmetpat', 'serine', 'cenmetpat', 'cenmetpat', 'sul_other', 'org_sul_trans', 'dsro', 'sul_other', 'cenmetpat', 'org_sul_trans', 'serine', 'phosph_met', 'org_sul_trans', 'sul_other', 'phosph_met', 'phosph_met', 'in_or_sul', 'sul_other', 'sul_other', 'cenmetpat', 'sul_other', 'phosph_met', 'cenmetpat', 'aceti_met', 'serine', 'phosph_met', 'cenmetpat', 'phosph_met']",114.40000000000002
35,MNMEREEILAIYEAGPDAVINLIEQLLATIAKLEERVKSLEEQLNKNSRNSSKPPSTDAYAPKKPTPKSRRVKSGKKVGGQKGHPGTTLRMVDNPDEIRIIKVDQCSNCHTSLEDEEVKDYKRRQTFDIPPVQLHSTEHRGEIKLCPKCGRINTADFPDNVTQPAQYGSRLRSLAVYLHDYQFIPYDRSCELLSDIFGCDISPATLIRAETECFEGLEEFDNALKEALKQSPVLCCDETGMRINGIRNWLHVVCTATMTYYFTHQKRGSEAMDDMDILPNYDGVIVHDFWMSYFKYLCDHGLCDVHLLRELISISENYEQVWSGEMAALLIIIKECVDETKETSDSLTAEQINDFEMMYDDIIKKGLEENPPPLYLDTKPKKRGRKKQTKAKNLLDRFVKYKGDILRFMYDFDVPFDNNQAERDIRMTKVQQKISGTFRSIQGARNFCRIRGYISTMKKNKLSVMDAIEAVFNGKPFVPFLPVA,"['rump', 'serine', 'odegsyn', 'rump', 'odegsyn', 'serine', 'odegsyn', 'asssulred', 'odegsyn', 'odegsyn', 'rump', 'purine', 'odegsyn', 'rump', 'rump', 'odegsyn', 'asssulred', 'rump', 'rump', 'assnitred', 'rump', 'asssulred', 'odegsyn', 'in_or_sul', 'assnitred', 'odegsyn', 'odegsyn', 'rump', 'rump', 'odegsyn', 'odegsyn', 'asssulred', 'rump', 'in_or_sul', 'assnitred', 'rump', 'odegsyn', 'rump', 'org_sul_trans', 'odegsyn', 'purine', 'asssulred', 'serine', 'asssulred', 'asssulred', 'assnitred', 'sulred', 'odegsyn', 'assnitred', 'purine']",90.76
36,MFTIEDTDHMQQDIGTIISKGFKTWTRNLNISLPFILNFGITVLIALVAFVVFIVVLVVPKLSSMNIDPKNILPEQMLGILSSVVVDHMILIIAGFVIIMVLMMFIQSYFIAGAIGMSKVAMETGDTHLKDMYHYGNKNAVNLFWINVLITLITFAGIIFVVPGVLVMEDLNMFLSNTEETVASSILFIVGFLVWILYIIIVTIILSIVNYALVVENLDPISALETGFRFFMSNKFDILLMWLVLIAISIFIEIIGIGINLVPVLSILWIFIDIIISIAVIPPLTTVWWTRLYLSRTGRKMYDINEFVEYS,"['sul_other', 'transporters', 'sul_other', 'sul_other', 'transporters', 'transporters', 'transporters', 'sul_other', 'sul_other', 'sul_other', 'sul_other', 'sul_other', 'sul_other', 'transporters', 'sul_other', 'transporters', 'sul_other', 'sul_other', 'transporters', 'sul_other', 'sul_other', 'transporters', 'transporters', 'sul_other', 'sul_other', 'sul_other', 'transporters', 'transporters', 'sul_other', 'sul_other', 'sul_other', 'sul_other', 'sul_other', 'sul_other', 'sul_other', 'transporters', 'sul_other', 'sul_other', 'transporters', 'sul_other', 'sul_other', 'transporters', 'sul_other', 'sul_other', 'transporters', 'sul_other', 'sul_other', 'sul_other', 'sul_other', 'sul_other']",3.36
37,MAKIMDRLFGSGTKPTSGVDEYTELDLGKYQEVLDDEPAETYIRVAELTNLNELSGLKKEIYDGNILMIDISNIKADKLLLDRALKDLKDVVADVRGDIAGIKDDQVLVTPSGIRIDRSKITGSRY,"['purine', 'purine', 'purine', 'purine', 'purine', 'org_sul_trans', 'aceti_met', 'purine', 'org_sul_trans', 'org_sul_trans', 'purine', 'purine', 'purine', 'purine', 'purine', 'purine', 'purine', 'org_sul_trans', 'purine', 'purine', 'purine', 'org_sul_trans', 'org_sul_trans', 'purine', 'purine', 'purine', 'purine', 'purine', 'cenmetpat', 'purine', 'org_sul_trans', 'purine', 'org_sul_trans', 'purine', 'purine', 'purine', 'purine', 'purine', 'purine', 'purine', 'purine', 'purine', 'purine', 'purine', 'purine', 'purine', 'org_sul_trans', 'purine', 'purine', 'org_sul_trans']",27.8644
38,MKLKRISFSSRAVVEDPFSWAYELEDHGYTGWELVQEGTQCLTSKTITRMQDIFDTTDLDLTLHLPFSDMNLAGLNPGIHNEVLHQMRDYLFLASDFIELAVVHPGYLSPYGAQLPDLAWQANIKSLQSLCDFAADHGIMTTVENMPQVPKIFGKYPQEMLRMLDETDRDNAGLTLDIGHANTMGTGIIDDFLKMYKGRISHVHLHDNMGEKDEHLPIGKGNIDWKRVMNCLSGYKGRFVTEVNCVEEGVESLAFLKSL,"['org_sul_trans', 'denitrification', 'denitrification', 'org_sul_trans', 'SOX', 'denitrification', 'denitrification', 'denitrification', 'SOX', 'denitrification', 'denitrification', 'org_sul_trans', 'denitrification', 'org_sul_trans', 'denitrification', 'denitrification', 'org_sul_trans', 'denitrification', 'pentose', 'org_sul_trans', 'denitrification', 'denitrification', 'denitrification', 'denitrification', 'denitrification', 'denitrification', 'denitrification', 'pentose', 'denitrification', 'denitrification', 'denitrification', 'denitrification', 'denitrification', 'SOX', 'denitrification', 'org_sul_trans', 'org_sul_trans', 'denitrification', 'org_sul_trans', 'denitrification', 'pentose', 'org_sul_trans', 'denitrification', 'denitrification', 'denitrification', 'org_sul_trans', 'SOX', 'denitrification', 'org_sul_trans', 'org_sul_trans']",29.8756
39,MKLIAVSDTHIHDAHIPHNIIDIIDDCDIIVHAGDFTSMECYKVFASTGKLKAVCGNSDEVKLKKLLPDRIKFEVEGIKIGVVHKGGLSITNTTAVRYLALEMGVDILIFGHIHSPLIEKSDVMIVCPGSPTSPRMADPTVVELIIKNGSVSGRIIELKGKCCDYVTFSRNLGKHGGDRE,"['serine', 'serine', 'pyrimidine', 'pyrimidine', 'serine', 'serine', 'SOX', 'serine', 'pyrimidine', 'pyrimidine', 'transporters', 'serine', 'pyrimidine', 'serine', 'transporters', 'serine', 'rump', 'pyrimidine', 'pyrimidine', 'serine', 'serine', 'pyrimidine', 'serine', 'serine', 'pyrimidine', 'serine', 'pyrimidine', 'SOX', 'serine', 'serine', 'serine', 'SOX', 'serine', 'pyrimidine', 'pyrimidine', 'SOX', 'serine', 'rump', 'pyrimidine', 'pyrimidine', 'rump', 'SOX', 'pyrimidine', 'serine', 'serine', 'serine', 'pyrimidine', 'SOX', 'serine', 'transporters']",87.72000000000004
40,MSGIKLSTGAIRYIALFESVTGAGIRDCIVEDERIIYVVNAGDMGAAIGKNGDHINRLKKSIDKHVELVEFSGEPDKFIINAFGSIPIKSVDLVSKQNKRLAYVEVSDKNKGLAIGREGNNIKKVKMLMQRHYDIDDVILQ,"['purine', 'odegsyn', 'purine', 'org_sul_trans', 'odegsyn', 'odegsyn', 'odegsyn', 'odegsyn', 'pyrimidine', 'org_sul_trans', 'pyrimidine', 'org_sul_trans', 'purine', 'purine', 'purine', 'pyrimidine', 'purine', 'odegsyn', 'org_sul_trans', 'odegsyn', 'org_sul_trans', 'odegsyn', 'odegsyn', 'odegsyn', 'org_sul_trans', 'odegsyn', 'odegsyn', 'purine', 'purine', 'pyrimidine', 'odegsyn', 'org_sul_trans', 'odegsyn', 'org_sul_trans', 'purine', 'org_sul_trans', 'odegsyn', 'odegsyn', 'purine', 'purine', 'org_sul_trans', 'org_sul_trans', 'purine', 'odegsyn', 'org_sul_trans', 'purine', 'odegsyn', 'org_sul_trans', 'purine', 'org_sul_trans']",25.36
41,MTCKITKTSVVNATIDILKKAETDLPPDVTNALRQAQMRETSQIAKEQLSAILQNIEIAKEHSIPMCQDTGILVFFVELGRDTCLDFNLGDAIIEGVRQATGSIPLRPNAVEPLTRKNSGNNTGIGLPDIKYELVDGDKITITVAPKGAGSENMSAITMLNPTEVGSIRNFILSTVLNAGGMPCPPIIVGVGIGGSFDKAARLAKSSLLLDLETDPEKMDELERGILSDINSLGIGPMGLGGDTTALAVHIKTAHCHTASLPVAVNIQCWANRHASVTLGGDE,"['odegsyn', 'odegsyn', 'odegsyn', 'odegsyn', 'odegsyn', 'odegsyn', 'odegsyn', 'odegsyn', 'odegsyn', 'odegsyn', 'assnitred', 'odegsyn', 'odegsyn', 'odegsyn', 'odegsyn', 'odegsyn', 'odegsyn', 'assnitred', 'dissnitred', 'odegsyn', 'odegsyn', 'odegsyn', 'odegsyn', 'odegsyn', 'odegsyn', 'odegsyn', 'odegsyn', 'pyrimidine', 'odegsyn', 'odegsyn', 'odegsyn', 'odegsyn', 'odegsyn', 'odegsyn', 'odegsyn', 'odegsyn', 'odegsyn', 'phosph_met', 'org_sul_trans', 'odegsyn', 'odegsyn', 'odegsyn', 'odegsyn', 'serine', 'odegsyn', 'odegsyn', 'odegsyn', 'odegsyn', 'odegsyn', 'odegsyn']",13.742399999999998
42,MISEKTIDESAKPLIDKAKKDKVEIVWDRFEKQGNNCDFGKLGICCKICNMGPCRLTHPSLPLHLRVGPYATKAIKGVCGANYDTIAARNLSRGIAAGAAAHSDHGRDIAHTLLLAAEKKTSGYDINDEKKLMTLAAEFEIETAGKDKHEIAKELALAILDEFGTIKNRLQFIKRAPRVRQELWNDLGILPRGIDREIVEMMHRTHIGVDNDYTSLILQGLRTALSDGWGGSMVATELSDVLFGTPKPVMSKVNLGVLDEKMVNIVVHGHEPILSEMLAEAVEYPELVELARIEGADGINLCGMCCTANELLMRRGIHVAGNFLNQELAIVTGAVEAMVVDVQCIMPSLGEVSKCYHTLLISTSPKAKFPNAEHIEFDEARGFDIAKEIVKLAILNFKNRNPNRLSVPSNPVNMMAGFSAEAIIAALGGSLTPLIDAIKEGKIMGIVAMVGCNNPKIVQDKNHVEMTKSLIKNNVLVVETGCSAIACAKAGLLLPDAVDMAGEGLRSICKPLGIPPVLHMGSCVDISRILVVAASIANELGVDISDLPAAAAAPEWMSEKAISIGAYAVASGVYTVLGLPPAIIGSSKVVELLTGSAENYVGGKFAVESDPIKAAKMIMEVIKDKRKGLGI,"['aceti_met', 'aceti_met', 'aceti_met', 'aceti_met', 'aceti_met', 'aceti_met', 'aceti_met', 'aceti_met', 'aceti_met', 'aceti_met', 'aceti_met', 'aceti_met', 'aceti_met', 'aceti_met', 'aceti_met', 'aceti_met', 'aceti_met', 'aceti_met', 'aceti_met', 'aceti_met', 'aceti_met', 'aceti_met', 'aceti_met', 'aceti_met', 'aceti_met', 'aceti_met', 'aceti_met', 'aceti_met', 'aceti_met', 'aceti_met', 'aceti_met', 'aceti_met', 'aceti_met', 'aceti_met', 'aceti_met', 'aceti_met', 'aceti_met', 'aceti_met', 'aceti_met', 'aceti_met', 'aceti_met', 'aceti_met', 'aceti_met', 'aceti_met', 'aceti_met', 'aceti_met', 'aceti_met', 'aceti_met', 'aceti_met', 'aceti_met']",0.0
43,MKQIEDEDLVYKGPWVRSAQQRLFQTLEGDYGFPKATCRSLVNLMWDFLQETYGEKLHEGQIRDFPINNLPKYGVYSYIPLW,"['org_sul_trans', 'nitfix', 'nitfix', 'nitfix', 'nitfix', 'org_sul_trans', 'org_sul_trans', 'nitfix', 'nitfix', 'nitfix', 'nitfix', 'nitfix', 'nitfix', 'aceti_met', 'nitfix', 'org_sul_trans', 'nitfix', 'nitfix', 'nitfix', 'nitfix', 'nitfix', 'nitfix', 'nitfix', 'org_sul_trans', 'nitfix', 'nitfix', 'nitfix', 'nitfix', 'nitfix', 'nitfix', 'serine', 'in_or_sul', 'nitfix', 'nitfix', 'nitfix', 'nitfix', 'nitfix', 'org_sul_trans', 'nitfix', 'org_sul_trans', 'nitfix', 'org_sul_trans', 'nitfix', 'nitfix', 'org_sul_trans', 'dsro', 'cenmetpat', 'sulfur_ox', 'serine', 'in_or_sul']",26.144399999999997
44,MERTFFAILKQIEDAGFAKGSQRIDATHVIANISIPAAIDFIRQGIKTVMYEIKKVNPKLYNELGGDKIARKNEKVYKLNTNEKKSKLVEVVEEARKLIEKADGMGPSVEQKVNLLKRILNENVEVKNDKIQKKKDKVKDRLVSVVDEDARHGAKSDKKKFTGYKGNSMMSDDGFVTNINATPGNSYDGDSLVPLVDEKIANSSKPVKIVGDGHYGSGDNRYEMSVMRGITLVAPFREDFNPTGLFTQKDFIIEENCITCPAGARTMKFNYNEKSGKNTFFFEKKVCINCVLRKRCTKQDRRTITIGEHYEIVKEAKEYNKTKEYKEDMKGRSQIEPK,"['pyruvate', 'odegsyn', 'odegsyn', 'purine', 'purine', 'pyruvate', 'pyruvate', 'purine', 'pyruvate', 'rump', 'rump', 'odegsyn', 'pyruvate', 'purine', 'purine', 'purine', 'purine', 'rump', 'rump', 'rump', 'rump', 'pyruvate', 'rump', 'purine', 'pyruvate', 'rump', 'assnitred', 'purine', 'pyruvate', 'pyruvate', 'odegsyn', 'odegsyn', 'odegsyn', 'purine', 'rump', 'rump', 'odegsyn', 'pyruvate', 'pyruvate', 'purine', 'rump', 'rump', 'pyruvate', 'odegsyn', 'purine', 'pyruvate', 'pyruvate', 'purine', 'pyruvate', 'odegsyn']",32.7936
45,MANIINLDMIYDYHWNSPIVPSDWERLPFKNFATRYDDIIQHFQLGDDEICQISAKIENTCRKILMMYHGGQQTLEYEYEFMSTQNRRMPILIWDSEIRLLYHLEAMILFGRSALDIFTYVLTRLLLNSRMDSFNSFRKTLLTDIEPKLLPLKEIILSNQSDETSWLNIVCSNEQLRSVRDTITHQTTARIEYYTTDSKSDREYCHVEINGKAILLDNFINEICEGVFQFCISAEDIIINECK,"['purine', 'pyrimidine', 'purine', 'purine', 'purine', 'purine', 'org_sul_trans', 'pyrimidine', 'purine', 'org_sul_trans', 'purine', 'pyrimidine', 'purine', 'pyrimidine', 'pyrimidine', 'pyrimidine', 'purine', 'purine', 'purine', 'purine', 'pyrimidine', 'purine', 'pyrimidine', 'purine', 'pyrimidine', 'pyrimidine', 'purine', 'pyrimidine', 'purine', 'pyrimidine', 'purine', 'pyrimidine', 'purine', 'purine', 'pyrimidine', 'pyrimidine', 'pyrimidine', 'org_sul_trans', 'purine', 'purine', 'purine', 'purine', 'purine', 'purine', 'pyrimidine', 'purine', 'purine', 'pyrimidine', 'pyrimidine', 'pyrimidine']",5.240399999999998
46,MIKYLGRDDTGIRKIVLNMFLNGNTFTTGDVFEYLEKTDFEVSYRGVSAMVGLMNTRLGILSINVTGDHNIYSLKEDYKNVVRSVLENY,"['cenmetpat', 'serine', 'serine', 'serine', 'serine', 'serine', 'cenmetpat', 'serine', 'serine', 'serine', 'pyrimidine', 'serine', 'pyrimidine', 'serine', 'cenmetpat', 'serine', 'serine', 'serine', 'pyrimidine', 'pyrimidine', 'serine', 'cenmetpat', 'serine', 'serine', 'serine', 'serine', 'serine', 'serine', 'serine', 'serine', 'serine', 'serine', 'serine', 'serine', 'serine', 'serine', 'pyrimidine', 'serine', 'pyrimidine', 'serine', 'pyrimidine', 'serine', 'cenmetpat', 'serine', 'serine', 'pyrimidine', 'serine', 'serine', 'pyrimidine', 'serine']",46.45440000000001
47,MQKSPDDSKKLLQQIKLTNFLSFGPETTLIDLKSLNILIGINGVGKSNLIEAVALMRATPMDIGAVVRKGGGASEWIWKGKRDNAATIDVVFSNPKGSQPLVHSLSFYSENGRFQLQDERVENEHPYGKQDTYFYYRFQDGHPIVNTNDEEGRQLARETINPTLSILSQRRDPEHYPEISYLADAYGGIRIYREWAFGRNTVFREPQKADMRNDRLEEDFSNLGLFLNRIRRHEPKAKKEILEGLCELYENLTDFDVSIEGGSVQVFLTEDEFTIPATRLSDGTLRYLCLLAILCDPEPPALICIEEPELGLHPDILPKLADYLIAASKRTQLIVTTHSDILIDAMTERPEVVLVCEKHNGCTEIQRLDQNDLNVWLDKYRLGQLWIQGHLGGTRW,"['asssulred', 'asssulred', 'asssulred', 'asssulred', 'asssulred', 'asssulred', 'asssulred', 'asssulred', 'asssulred', 'asssulred', 'asssulred', 'asssulred', 'asssulred', 'purine', 'asssulred', 'purine', 'asssulred', 'asssulred', 'purine', 'asssulred', 'purine', 'asssulred', 'asssulred', 'asssulred', 'purine', 'asssulred', 'asssulred', 'asssulred', 'asssulred', 'asssulred', 'purine', 'asssulred', 'asssulred', 'asssulred', 'asssulred', 'asssulred', 'asssulred', 'asssulred', 'asssulred', 'asssulred', 'asssulred', 'asssulred', 'asssulred', 'asssulred', 'asssulred', 'asssulred', 'sulfur_ox', 'asssulred', 'asssulred', 'asssulred']",53.93639999999999
48,MQPQKVTKEEVVMFFKKHRVVTWEQLTSQFNITKQALQKKMAGYPHLTSLNQNRQYLALEEFIGETNQYGIWRHNGIVISIHGNTPKTLTHLINTSNCGLSTKQIEQITSVMCRSILLKLLKQGVVTRIKEGFDYIYLSSEPKIRRSQLEKRGLESYEVLVEAQVSQPSVKEREITNFLELDDEDYLLKRLEMVRRVKSGKSKAQVAKELECSPNTIRNACETFEKDGAKGLIITREQPKHKMTEAVEKEILVIKAKHHEWSPEKIGTELRERNLDISDRSVRIFLDKIGLIQKKTHHKA,"['purine', 'purine', 'purine', 'purine', 'purine', 'purine', 'purine', 'purine', 'purine', 'purine', 'purine', 'in_or_sul', 'purine', 'purine', 'purine', 'purine', 'purine', 'purine', 'purine', 'purine', 'purine', 'purine', 'purine', 'purine', 'purine', 'purine', 'purine', 'purine', 'purine', 'purine', 'purine', 'purine', 'purine', 'purine', 'purine', 'purine', 'purine', 'purine', 'purine', 'purine', 'purine', 'purine', 'purine', 'purine', 'purine', 'purine', 'purine', 'purine', 'purine', 'purine']",4.41
49,MTDEPITAENLLTAKPEEPKIVTNLRGVKHTIMVMSGKGGVGKSTVAANLAVSLAERGLEVGLLDCDIHGPTIPKLFGVENEKPDIDESGIIPVPVSLNLKIMSIGFFLDNTDSPVIWRGPAKMGAIKQFLEEVSWGKLDYLIIDLPPGTGDEPLSVAQLIPKCDGAIVVTTPQDVALTSVRKSINFVKTVEIPVIGLVENMSGIVCP,"['serine', 'serine', 'serine', 'serine', 'serine', 'serine', 'serine', 'serine', 'serine', 'serine', 'serine', 'serine', 'serine', 'rump', 'rump', 'serine', 'rump', 'sul_other', 'serine', 'serine', 'serine', 'serine', 'serine', 'serine', 'serine', 'serine', 'serine', 'serine', 'rump', 'serine', 'serine', 'serine', 'purine', 'rump', 'serine', 'serine', 'serine', 'serine', 'serine', 'serine', 'serine', 'serine', 'serine', 'serine', 'serine', 'pentose', 'serine', 'serine', 'serine', 'serine']",1.6176000000000001
50,MKIIEFNQVSKSFDRTRVISNVSFSVDQGEIFGLLGPNGAGKTTILRMLLDIIRPDSGSIDLFGGALDRASKDRIGYLPEERGLYKKS,"['pyrimidine', 'transporters', 'pyrimidine', 'pyrimidine', 'pyrimidine', 'pyrimidine', 'pyrimidine', 'transporters', 'pyrimidine', 'cenmetpat', 'transporters', 'pyrimidine', 'transporters', 'pyrimidine', 'pyrimidine', 'pyrimidine', 'pyrimidine', 'transporters', 'pyrimidine', 'transporters', 'pyrimidine', 'pyrimidine', 'serine', 'transporters', 'pyrimidine', 'transporters', 'rump', 'transporters', 'pyrimidine', 'pyrimidine', 'transporters', 'transporters', 'transporters', 'pyrimidine', 'pyrimidine', 'cenmetpat', 'pyrimidine', 'pyrimidine', 'transporters', 'transporters', 'pyrimidine', 'pyrimidine', 'transporters', 'transporters', 'transporters', 'transporters', 'pyrimidine', 'rump', 'transporters', 'pyrimidine']",34.995599999999996
51,MPLNNMNLLQVKPDGSARIVDIGGGQNIRQKLNLQGIFEGRIVYVISTNGPITIEVDRNVVSIGRGMAQKIKVTRV,"['in_or_sul', 'serine', 'in_or_sul', 'serine', 'serine', 'purine', 'serine', 'serine', 'serine', 'serine', 'serine', 'dissnitred', 'in_or_sul', 'serine', 'in_or_sul', 'serine', 'in_or_sul', 'in_or_sul', 'pyrimidine', 'in_or_sul', 'serine', 'in_or_sul', 'pyrimidine', 'serine', 'serine', 'in_or_sul', 'serine', 'in_or_sul', 'in_or_sul', 'in_or_sul', 'in_or_sul', 'serine', 'serine', 'pyrimidine', 'transporters', 'pyrimidine', 'dissnitred', 'in_or_sul', 'pyrimidine', 'serine', 'serine', 'serine', 'in_or_sul', 'in_or_sul', 'in_or_sul', 'serine', 'in_or_sul', 'serine', 'in_or_sul', 'serine']",86.9844
52,MTHIDSNLEESNGEIISESQEFDEEEDKNLQNELTDLEEPFNPSQIDIQAAQSTLDTLIKRLSHEEIDLQPDFQREQNLWNPTFKSRLIESLLIRFPLPAFYFDASNDDKWQVVDGLQRLYTIKSFVVDKKMKLNKLEFLKQFNNKTFDDLPRNMQRRIYEAQVTMYLIKPGTPSNVKFSLFNRINTGGLRLKPQEIRHAISQGVNNGQASKFLKEITETDVFQKVGRVSGKRMLDKELVLRFMALKLTTYNDYKAPMISFLNNAMEQLGKAEPEELNSLRTDMLKALDLSYDIFGDDAFRKSLVEDNKSKVLNRALFEAVTVLFSEFSENDSLFLLKNKTDFVESFKQLFDDGDFYSSITVSTTDSANVVYRFTQISTVINRYIA,"['org_sul_trans', 'org_sul_trans', 'org_sul_trans', 'org_sul_trans', 'org_sul_trans', 'serine', 'org_sul_trans', 'odegsyn', 'odegsyn', 'odegsyn', 'odegsyn', 'odegsyn', 'org_sul_trans', 'serine', 'odegsyn', 'serine', 'asssulred', 'pyruvate', 'org_sul_trans', 'odegsyn', 'org_sul_trans', 'serine', 'org_sul_trans', 'org_sul_trans', 'odegsyn', 'serine', 'odegsyn', 'org_sul_trans', 'asssulred', 'serine', 'org_sul_trans', 'asssulred', 'org_sul_trans', 'two_comp', 'odegsyn', 'org_sul_trans', 'serine', 'asssulred', 'org_sul_trans', 'serine', 'two_comp', 'odegsyn', 'ox_phosphorylation', 'odegsyn', 'serine', 'org_sul_trans', 'serine', 'org_sul_trans', 'odegsyn', 'odegsyn']",56.814400000000006
53,MARAGDHTALFSTDHGFIALNGPVKLKILDLLRTGSKSFDEIVKHTGKAKSTISVHITDLKLCDLLEEHIDSNDRRKKIYHLNSQYMACSQEPIIKHYNNILQRVASSADDEKAFLKSIFHAIRFGFEAHGINHEPIMKKIGADIGENLSINFKSTDLDGVLEDIANFWKSHNMGDVSVIDRDPLTVVVYDCFDCKSMPVVGKTLCSFDEGLLEGILFGKLGLNCTIKEIECYGNGYDHCLFVMQD,"['pentose', 'phosph_met', 'phosph_met', 'serine', 'purine', 'pentose', 'org_sul_trans', 'pentose', 'pentose', 'pentose', 'pentose', 'org_sul_trans', 'pentose', 'pentose', 'pentose', 'pentose', 'pentose', 'serine', 'purine', 'pentose', 'pentose', 'pentose', 'pentose', 'pentose', 'pentose', 'org_sul_trans', 'serine', 'pentose', 'org_sul_trans', 'serine', 'pentose', 'pentose', 'serine', 'pentose', 'serine', 'pentose', 'pentose', 'pentose', 'serine', 'org_sul_trans', 'serine', 'serine', 'pentose', 'pentose', 'pentose', 'serine', 'purine', 'pentose', 'pentose', 'pentose']",14.403599999999997
54,MSEIFLEELPGVGPATAEKLKEAGFNTIEAVAVASPAELANTAEIGESTASKIINAARQSADIGGFETGEMVLERRKLVGKLLTGCVEFDEMMGGGIESQAITEMYGEFGSGKTQIAHQLAVNVQLPKEQGGLGGSVIMIDTENTFRPERIKQMVEGLSERKGVDYDYEEFLKNIHVARAYNSNHQILLVDSASELANELKDTDKPVRLLIVDSLTAHFRAEYVGRGTLADRQQKLNKHLHGIQRFGDLYNAVVIVTNQVMSKPDAFFGDPTKPIGGHIVGHTSTFRLYLRKSKGDKRIIRLVDSPNLPDGEAIISVTTGGLVDQ,"['two_comp', 'nitfix', 'two_comp', 'two_comp', 'SOX', 'org_phos_hyd', 'SOX', 'two_comp', 'two_comp', 'SOX', 'two_comp', 'two_comp', 'two_comp', 'two_comp', 'two_comp', 'two_comp', 'two_comp', 'two_comp', 'two_comp', 'two_comp', 'two_comp', 'SOX', 'two_comp', 'two_comp', 'two_comp', 'two_comp', 'two_comp', 'two_comp', 'SOX', 'two_comp', 'two_comp', 'nitfix', 'two_comp', 'two_comp', 'two_comp', 'two_comp', 'two_comp', 'two_comp', 'two_comp', 'two_comp', 'two_comp', 'two_comp', 'two_comp', 'nitfix', 'two_comp', 'two_comp', 'two_comp', 'nitfix', 'SOX', 'two_comp']",158.56959999999998
55,MLMDDKELIEILTPFNFWKTSPFTGITRPRYINEIERLSSTGQVLVVTGVRRSGKTTIMVQFMHNLIESGTASPSQMLYVNFEDPRLPIDDGPALLDKILSAHRTFVDSGGIRYLVLDEVQRLSEWERWVRIQMDTQPDMHIIVSGSSAELLSRELGTLLTGRHLDVEVFPLDLSEYMRFHDLDPDDPLEDADRMQSLTSEYISASAFPAVVLTSEPDIKERMVLQIYRDIINHDVARRYEVREIEKLESVATTFMASVPGPVTLNGTRRALGGKVSLDSIHRYSRYLEEPYLLFFIETHSFSAGRRERSPKKVYAVDNGLLMAASYRFLSERGKLLENAVFLDIRRMGLEVYRLMDKKEVDFLIWKGAAPLALVNVCLDVSDIKTRAREVDGLRRAMDAFKMKKGYIVTLDHAEVMDVDEGTVEFVPYRRWAFDPGQVLSDL,"['odegsyn', 'ox_phosphorylation', 'odegsyn', 'ox_phosphorylation', 'odegsyn', 'ox_phosphorylation', 'odegsyn', 'ox_phosphorylation', 'odegsyn', 'odegsyn', 'ox_phosphorylation', 'ox_phosphorylation', 'ox_phosphorylation', 'ox_phosphorylation', 'ox_phosphorylation', 'odegsyn', 'odegsyn', 'odegsyn', 'odegsyn', 'odegsyn', 'odegsyn', 'odegsyn', 'odegsyn', 'ox_phosphorylation', 'ox_phosphorylation', 'ox_phosphorylation', 'ox_phosphorylation', 'odegsyn', 'odegsyn', 'odegsyn', 'ox_phosphorylation', 'ox_phosphorylation', 'ox_phosphorylation', 'odegsyn', 'ox_phosphorylation', 'odegsyn', 'ox_phosphorylation', 'odegsyn', 'ox_phosphorylation', 'ox_phosphorylation', 'odegsyn', 'odegsyn', 'ox_phosphorylation', 'odegsyn', 'odegsyn', 'ox_phosphorylation', 'odegsyn', 'ox_phosphorylation', 'odegsyn', 'odegsyn']",2.2356
56,MVRRNILLDKLAEKGSVFNFQNALEVTTLSRDSLKVRLSRMEKEGWIERIEKGKYIIIPLGAEKGKYTINEFTIGSQLVKPAVVAYWSALNYHGFTEQIPNTVFIQTTSRKKEQQLEIFGVRYRIVRVVEKKLFGFESTWIDGTEVLITDPEKTIVDCLDVPHYCGGIVEVSKALHDIDLSKVIEYAKRAGNCTVLKRLGFLCDKMGIPIEIPQNELSKGYPLLDPSMHYKGRTNSKWKIRENTNIFGDIE,"['org_sul_trans', 'org_sul_trans', 'org_sul_trans', 'org_sul_trans', 'org_sul_trans', 'org_sul_trans', 'org_sul_trans', 'org_sul_trans', 'org_sul_trans', 'org_sul_trans', 'org_sul_trans', 'org_sul_trans', 'org_sul_trans', 'asssulred', 'org_sul_trans', 'org_sul_trans', 'org_sul_trans', 'org_sul_trans', 'org_sul_trans', 'org_sul_trans', 'org_sul_trans', 'org_sul_trans', 'org_sul_trans', 'org_sul_trans', 'org_sul_trans', 'org_sul_trans', 'org_sul_trans', 'org_sul_trans', 'org_sul_trans', 'org_sul_trans', 'org_sul_trans', 'org_sul_trans', 'org_sul_trans', 'org_sul_trans', 'org_sul_trans', 'org_sul_trans', 'org_sul_trans', 'org_sul_trans', 'org_sul_trans', 'org_sul_trans', 'org_sul_trans', 'org_sul_trans', 'org_sul_trans', 'org_sul_trans', 'org_sul_trans', 'org_sul_trans', 'org_sul_trans', 'org_sul_trans', 'org_sul_trans', 'org_sul_trans']",2.3716
57,MRSMRSKAMKMIAYLAVVLILASVLPANALAEKYDKDMTQRGVRANSNGAALNMTKDQVRDRINTSDNAPCVEPYMQNRTKTANLVRANVANTAAQYRSAKERMATVRNNYSDAQKDYKDLKIKINNKKVSADSEEVIGATRAYMNQTIEYMVTHLRTVQENIENTGGDSGGSEIIEGYIEQLEQQKMNVGSAQTKQELENTAKEIRNILKDAEKRAKYFAGKSVNNRLNNFLVKSGSLSLRLEDEIKRLNAAGENTEELEEMLAEYNELIGEAKQNQKHARDTFQNQNDDAVNEARQYMHQATGSIHEANCILKDIFNELKSYRHGFAVLDGNGTLTAEGNGTAVLSGDLTLNITATDAELVIKDLAGDSNITISGDYVEINADSEDYDNCAMIYHNFTGTVHITGSRLTIMLHGNDVNFTAEGKGSVILSGTGIYKVEKAGESSGDIQWATVVTTPENEAGTDDLSGSNETDSDGNITDGNTTGGNTTDWNTTDGNSTDWNTTDGNSTDWNATDGNLTDCNTTDGNLTDCNTTDGNGSN,"['org_sul_trans', 'serine', 'serine', 'serine', 'org_phos_hyd', 'serine', 'serine', 'denitrification', 'denitrification', 'cenmetpat', 'serine', 'serine', 'serine', 'serine', 'serine', 'serine', 'serine', 'org_phos_hyd', 'serine', 'serine', 'SOX', 'SOX', 'serine', 'transporters', 'serine', 'serine', 'serine', 'serine', 'denitrification', 'serine', 'serine', 'serine', 'denitrification', 'serine', 'org_phos_hyd', 'pentose', 'org_phos_hyd', 'pentose', 'denitrification', 'transporters', 'denitrification', 'pyruvate', 'transporters', 'denitrification', 'serine', 'serine', 'pyruvate', 'transporters', 'SOX', 'serine']",108.22439999999999
58,MKLKILILTMILIFILFSGIADAKSPYGNMDVYYNGKLLPGTEVAKPNLKIGETFSVRVDVTLYQYSKLYIELCLLDKNHFDFIDGPAEFNRHTSMIFEENETHTFEWTLKPTDEWAGGTIPVDVYYSILLPDDNEAIVTSGFTIAYPYMSTEHYEGDSTPPTTTTPDSPSSTESPNSTPAFTLLTTALAIALAT,"['denitrification', 'denitrification', 'denitrification', 'denitrification', 'denitrification', 'denitrification', 'org_phos_hyd', 'denitrification', 'denitrification', 'oxid_met_c1', 'denitrification', 'denitrification', 'denitrification', 'denitrification', 'denitrification', 'denitrification', 'denitrification', 'denitrification', 'denitrification', 'denitrification', 'denitrification', 'oxid_met_c1', 'denitrification', 'denitrification', 'denitrification', 'denitrification', 'denitrification', 'denitrification', 'denitrification', 'denitrification', 'denitrification', 'denitrification', 'denitrification', 'denitrification', 'denitrification', 'sul_other', 'denitrification', 'denitrification', 'denitrification', 'denitrification', 'denitrification', 'denitrification', 'denitrification', 'denitrification', 'denitrification', 'denitrification', 'denitrification', 'denitrification', 'denitrification', 'denitrification']",17.320400000000003
59,MSSFNAATIAEAKQISSLLKNKFHGDLDGKTCILEMKERKLNWKQMEWLGWYVEEMGRIQLIQELGGSIGPAFGRTKFDYQRFNIWDIKVHTNNTTSGWCILNDLKAIESIISDTGGIGFFIALADVEYDNSGQFKMWHDKLKGKISDYEKERVKRGAKSRRRKTSCHISEWQCIFINDFEIFIDGMSDGWVSVFQKGMRNANGSPRREKIMINLHSLPSDILIE,"['pyrimidine', 'serine', 'pyrimidine', 'pyrimidine', 'pyrimidine', 'pyrimidine', 'pyrimidine', 'pyrimidine', 'pyrimidine', 'pyrimidine', 'pyrimidine', 'pyrimidine', 'pyrimidine', 'pyrimidine', 'pyrimidine', 'pyrimidine', 'pyrimidine', 'pyrimidine', 'pyrimidine', 'pyrimidine', 'pyrimidine', 'pyrimidine', 'pyrimidine', 'pyrimidine', 'pyrimidine', 'pyrimidine', 'pyrimidine', 'pyrimidine', 'pyrimidine', 'in_or_sul', 'pyrimidine', 'pyrimidine', 'pyrimidine', 'pyrimidine', 'pyrimidine', 'pyrimidine', 'pyrimidine', 'pyrimidine', 'pyrimidine', 'pyrimidine', 'pyrimidine', 'pyrimidine', 'pyrimidine', 'pyrimidine', 'pyrimidine', 'pyrimidine', 'pyrimidine', 'pyrimidine', 'pyrimidine', 'pyrimidine']",5.2324
60,MYLQKHPRKKKNDTYNYYSIAESYREDGKNKKRIITYLGKLDLEKAQQIRNVLKISMSTDTIVTTIDDLLFEEHWRYLDVAFLNHLWDNECPLKIPT,"['ox_phosphorylation', 'ox_phosphorylation', 'odegsyn', 'ox_phosphorylation', 'ox_phosphorylation', 'odegsyn', 'ox_phosphorylation', 'odegsyn', 'ox_phosphorylation', 'odegsyn', 'ox_phosphorylation', 'ox_phosphorylation', 'odegsyn', 'ox_phosphorylation', 'odegsyn', 'ox_phosphorylation', 'serine', 'odegsyn', 'odegsyn', 'ox_phosphorylation', 'ox_phosphorylation', 'serine', 'ox_phosphorylation', 'ox_phosphorylation', 'ox_phosphorylation', 'serine', 'odegsyn', 'ox_phosphorylation', 'ox_phosphorylation', 'ox_phosphorylation', 'ox_phosphorylation', 'ox_phosphorylation', 'ox_phosphorylation', 'asssulred', 'odegsyn', 'ox_phosphorylation', 'serine', 'ox_phosphorylation', 'ox_phosphorylation', 'ox_phosphorylation', 'odegsyn', 'ox_phosphorylation', 'ox_phosphorylation', 'serine', 'ox_phosphorylation', 'ox_phosphorylation', 'ox_phosphorylation', 'ox_phosphorylation', 'ox_phosphorylation', 'ox_phosphorylation']",19.17
61,MNIKGVIFVSIILLAAAFISGCTAPEDEKITELNIGHQPSTHQIAHMTAMEKGWWIEDLAPFGIETINEPQFPTGAPEMHSMLAGNIDIAYVGAAPVISALSSGLDAKIIAGVQTQGSNLVLRPGISYTGPEDLKGLKIATFPAGTIQDTLLRDWLQDNNIDPETDLEIIGMGPGDAKVAIAAEQVDGVFLPHPSPTIIESEGSGISVMASGEMSPNHACCVLVVSGKLIRENPAMVEQILKTHIKATEYNKENIVEAGEIFAEKTGLDVESVNKSLNDWDGIWISDPNLIVDSTVDYAIVQYNLGYINTPLKQEDIFDLSFFETVNE,"['denitrification', 'denitrification', 'denitrification', 'denitrification', 'denitrification', 'denitrification', 'denitrification', 'denitrification', 'denitrification', 'denitrification', 'denitrification', 'in_or_sul', 'denitrification', 'denitrification', 'in_or_sul', 'denitrification', 'denitrification', 'denitrification', 'denitrification', 'denitrification', 'denitrification', 'denitrification', 'in_or_sul', 'in_or_sul', 'denitrification', 'pentose', 'denitrification', 'denitrification', 'denitrification', 'denitrification', 'denitrification', 'denitrification', 'denitrification', 'denitrification', 'denitrification', 'denitrification', 'denitrification', 'denitrification', 'denitrification', 'in_or_sul', 'org_phos_hyd', 'denitrification', 'odegsyn', 'denitrification', 'denitrification', 'denitrification', 'denitrification', 'denitrification', 'denitrification', 'denitrification']",6.305599999999999
62,MADEEIRHLVRIMNTDLQGKQPVQYALTGIRGVGRRTARIIIDSTGIDPKGLIGYLPDEDVAKLDSAVDEFEKVVPEWMLNRRNDPLSGDSKHLLGQDIIMTFREDINNLKKVRAYRGIRHERGLKVRGQRTKSTGRRGATIGVSRKKS,"['two_comp', 'purine', 'purine', 'purine', 'sul_other', 'two_comp', 'two_comp', 'two_comp', 'two_comp', 'two_comp', 'purine', 'two_comp', 'serine', 'two_comp', 'purine', 'aceti_met', 'two_comp', 'two_comp', 'two_comp', 'two_comp', 'two_comp', 'purine', 'purine', 'two_comp', 'two_comp', 'two_comp', 'two_comp', 'two_comp', 'purine', 'two_comp', 'purine', 'two_comp', 'purine', 'two_comp', 'two_comp', 'two_comp', 'pyruvate', 'two_comp', 'two_comp', 'two_comp', 'two_comp', 'pyrimidine', 'two_comp', 'two_comp', 'two_comp', 'purine', 'two_comp', 'two_comp', 'two_comp', 'two_comp']",37.406400000000005
63,MAKGHRPRRGSLAFSPRKRAKSHVARFRSWPESSGEPKLQGFAGYKVGMTHVVMIDDAKNSITEGAEISVPVTVIETPAIKVAAIRAYENTTYGDRAVTEAWSPDLDSSIERAIVMPKNHNMDKAMEKIGLLIDDGTANDIKVITYTLPISLTGVPKKKPDLMETAISGNDLKAKFEYARSILGNEVHINDVFNSGGVVDIAAITTGKGTQGAVKRWGINMQKNKHSRAGSVRQVGTLGPWRPAHVSWRVPQMGQMGYHQRTEYNKRILKISEDMDAINPSSGFINYGLVRGEYILIKGSVPGPSKRLVRLREPTRSKVSGMGEPQIAHISTQSRQG,"['purine', 'purine', 'purine', 'purine', 'purine', 'purine', 'purine', 'purine', 'purine', 'purine', 'purine', 'purine', 'purine', 'purine', 'purine', 'purine', 'purine', 'odegsyn', 'purine', 'purine', 'purine', 'purine', 'purine', 'purine', 'purine', 'purine', 'purine', 'purine', 'purine', 'purine', 'purine', 'purine', 'purine', 'purine', 'purine', 'purine', 'purine', 'purine', 'purine', 'purine', 'purine', 'purine', 'purine', 'purine', 'purine', 'purine', 'purine', 'purine', 'purine', 'purine']",2.3716000000000004
64,MQALYALALNPVAEANADRTSFSFRKNRSMHDACEHVFNCLSRKNSAQWVLEGDIKGCFDNINHEWLFRDF,"['sulfur_ox', 'sulfur_ox', 'sulfur_ox', 'serine', 'sulfur_ox', 'aom', 'sulfur_ox', 'sulfur_ox', 'serine', 'sul_other', 'sul_other', 'sulfur_ox', 'serine', 'sul_other', 'sulfur_ox', 'sul_other', 'sulfur_ox', 'sulfur_ox', 'serine', 'sulfur_ox', 'sulfur_ox', 'sul_other', 'sul_other', 'sul_other', 'sulfur_ox', 'sulfur_ox', 'sulfur_ox', 'sulfur_ox', 'aom', 'serine', 'sul_other', 'serine', 'sulfur_ox', 'serine', 'sulfur_ox', 'sul_other', 'sul_other', 'serine', 'sulfur_ox', 'sul_other', 'serine', 'sulfur_ox', 'serine', 'SOX', 'sul_other', 'serine', 'sul_other', 'sulfur_ox', 'sulfur_ox', 'sul_other']",48.09959999999999
65,MLKIKDLNVSYGQHQVLEKIGLSAVKGEFIGIIGPNGSGKTTLLKTITNVLKPTSGTIMIDGTNIEKMKSNEIAKNVAVVSQVVSINFEFTVKDIVLMGRNPYIKSSESVEDINIANDMMKKTNIHFLKKRLITRLSGGELQRVIIARALTQTPKILLLDEPTSHLDITNQIEILNLVKKASTKGMVVIAVMHDLNLAAYYCNKICLLRDGCLISTGTPRQVLTPSNIEVAFNLPIEVMHNNRTNSLYVMPILEPLNEI,"['serine', 'sul_other', 'serine', 'serine', 'serine', 'serine', 'sul_other', 'transporters', 'serine', 'serine', 'serine', 'serine', 'sul_other', 'serine', 'sul_other', 'serine', 'serine', 'sul_other', 'serine', 'transporters', 'serine', 'serine', 'serine', 'serine', 'serine', 'serine', 'sul_other', 'serine', 'sul_other', 'serine', 'sul_other', 'pyruvate', 'serine', 'sul_other', 'serine', 'serine', 'pyruvate', 'serine', 'pyruvate', 'serine', 'serine', 'serine', 'serine', 'serine', 'serine', 'serine', 'sul_other', 'serine', 'serine', 'serine']",1.3616000000000001
66,MRPVNRGPLPTDASGNEINFKKYGDARGKLIERLGETCSYCEMHLDSSLAVEHVKPKKPEGSDENILERELDWYNFLLACVNCNSTKGKKDVIPDDYFWPDKDNTFRAFTYSEGGIITPYAELSVELQDKAKATIELTGLNKRPLNDPKASDRRWINRREVWDIAILARERLSRNDNDVFREQIVDTMTGHAYWSIWMTVFHDDPDMLQRFIKALAGTATDCFDEDGMALQRPGGQV,"['in_or_sul', 'cenmetpat', 'in_or_sul', 'cenmetpat', 'dissnitred', 'asssulred', 'pyrimidine', 'pyrimidine', 'pyrimidine', 'cenmetpat', 'sulfur_ox', 'cenmetpat', 'pyrimidine', 'pyrimidine', 'dissnitred', 'in_or_sul', 'aom', 'org_sul_trans', 'in_or_sul', 'cenmetpat', 'aom', 'cenmetpat', 'cenmetpat', 'SOX', 'dissnitred', 'pyrimidine', 'pyrimidine', 'cenmetpat', 'pyrimidine', 'org_sul_trans', 'dissnitred', 'in_or_sul', 'pyrimidine', 'pyrimidine', 'cenmetpat', 'cenmetpat', 'pyrimidine', 'cenmetpat', 'cenmetpat', 'cenmetpat', 'in_or_sul', 'cenmetpat', 'SOX', 'cenmetpat', 'cenmetpat', 'in_or_sul', 'cenmetpat', 'cenmetpat', 'dissnitred', 'pyrimidine']",80.77
67,MRVALKLAYIGTNYHGSQIQPDVVTIEGKMCEALGELGIIKDHKQANFTSAGRTDAGVHALEQVVAFNTDKPDLAIPRVINSKLPDSIWAWAHAHVPDNFNPRWNAVKRSYRYIMSGEQYDISKIRSASKLLIGTHDFANFCTADGDKSTVRTVKRIDIRVSGPLTRIDVQANSFLWNMVRKVVTALMMVGSDVRDMEWLEQMLDPESYEEGIEPASAYGLTLMQVDYPQLIRWIEDGYTIRRAHEHIHEHLIRHRVMAEVLENLVLHD,"['purine', 'purine', 'purine', 'purine', 'purine', 'pyrimidine', 'pyrimidine', 'purine', 'purine', 'pyrimidine', 'purine', 'pyrimidine', 'purine', 'purine', 'purine', 'pyrimidine', 'purine', 'purine', 'purine', 'purine', 'in_or_sul', 'purine', 'purine', 'pyrimidine', 'purine', 'purine', 'purine', 'purine', 'pyrimidine', 'purine', 'purine', 'purine', 'purine', 'purine', 'pyrimidine', 'purine', 'purine', 'pyrimidine', 'purine', 'purine', 'pyrimidine', 'purine', 'purine', 'org_sul_trans', 'purine', 'purine', 'purine', 'purine', 'purine', 'cenmetpat']",13.104399999999998
68,MVTIKPFKSMILNPELTHRDELLCPVYDTIDETEYARYGNEKNNVIHITSRRDGIRTNEFIGSAKKSLDRFIKEKILVEREHPAFYIYGIKYNLPENMLGEMPDIDQRNVYFAFGLVALTKVEEPGEGDIVGHERIFKKHTVERYDLMKALGMNFSPIVAEYNMPGHDINNMLEDYLGFRRPDLILRDDRPPLADLTLNGIRHLLWEITDPDIIQNIRKLMSDKRVMILDGHHRYTATRELNIADNVEYTMMMFMEGGDRALLLLPWHRCVRQVDVTGLRSQVREHFDTIWKGELNAEFYDMLQAKEDDYDVRIGLYDGNEFCILKAHKDEVAGLSARLGEKVGLDNISLNEWIIGPCAGDNNANQVVFVGSTAEAIRKVDKHGFNAAFLMRPLTIEDVEYKAHVEMKNFPQKSTLFLPKVAEGIMMRRF,"['org_sul_trans', 'org_sul_trans', 'ox_phosphorylation', 'org_sul_trans', 'org_sul_trans', 'purine', 'org_sul_trans', 'org_sul_trans', 'org_sul_trans', 'ox_phosphorylation', 'ox_phosphorylation', 'org_sul_trans', 'org_sul_trans', 'org_sul_trans', 'cenmetpat', 'org_sul_trans', 'ox_phosphorylation', 'org_sul_trans', 'org_sul_trans', 'org_sul_trans', 'org_sul_trans', 'org_sul_trans', 'org_sul_trans', 'pyrimidine', 'purine', 'purine', 'org_sul_trans', 'ox_phosphorylation', 'pyrimidine', 'org_sul_trans', 'ox_phosphorylation', 'org_sul_trans', 'ox_phosphorylation', 'org_sul_trans', 'org_sul_trans', 'org_sul_trans', 'org_sul_trans', 'purine', 'org_sul_trans', 'org_sul_trans', 'org_sul_trans', 'org_sul_trans', 'ox_phosphorylation', 'pyrimidine', 'org_sul_trans', 'org_sul_trans', 'org_sul_trans', 'org_sul_trans', 'org_sul_trans', 'ox_phosphorylation']",12.970000000000002
69,MYTLLLIGTGGFIGAVLRYIISGWIQNGFISYPIGTLGVNFIGSFLLSLIMYLSEYKGFFNEETRIFLTIGLLGAFTTMSTFSYKSFKLLEQKETLLLSLNIVGTIALTFFAIYLGKFIVVNLWRT,"['sul_other', 'sul_other', 'transporters', 'sul_other', 'sul_other', 'sul_other', 'transporters', 'transporters', 'sul_other', 'sul_other', 'sul_other', 'sul_other', 'transporters', 'sul_other', 'sul_other', 'sul_other', 'transporters', 'cenmetpat', 'sul_other', 'sul_other', 'transporters', 'sul_other', 'transporters', 'sul_other', 'transporters', 'transporters', 'sul_other', 'sul_other', 'transporters', 'sul_other', 'sul_other', 'sul_other', 'sul_other', 'transporters', 'sul_other', 'sul_other', 'sul_other', 'sul_other', 'cenmetpat', 'sul_other', 'sul_other', 'sul_other', 'denitrification', 'sul_other', 'sul_other', 'sul_other', 'sul_other', 'transporters', 'sul_other', 'sul_other']",37.2484
70,MKTFLSIWFNSNGANPSDVNRRLMSLGFQPVQGPYDYIYNWSDNVDVDEILRFGDKVHLSLQGSGVLFKIEST,"['cenmetpat', 'cenmetpat', 'dissnitred', 'cenmetpat', 'cenmetpat', 'cenmetpat', 'sul_other', 'cenmetpat', 'sul_other', 'cenmetpat', 'cenmetpat', 'sul_other', 'dissnitred', 'dissnitred', 'cenmetpat', 'sul_other', 'cenmetpat', 'cenmetpat', 'cenmetpat', 'dissnitred', 'cenmetpat', 'cenmetpat', 'sul_other', 'cenmetpat', 'cenmetpat', 'SOX', 'cenmetpat', 'dissnitred', 'sul_other', 'dissnitred', 'sul_other', 'dissnitred', 'cenmetpat', 'dissnitred', 'cenmetpat', 'cenmetpat', 'dsro', 'cenmetpat', 'dissnitred', 'cenmetpat', 'sul_other', 'dsro', 'cenmetpat', 'cenmetpat', 'dissnitred', 'cenmetpat', 'cenmetpat', 'cenmetpat', 'cenmetpat', 'dissnitred']",75.8016
71,MNCKMIILHILLTVMLISADFAVATSITDPTGDFLFPDISGVIATVDEGNLNIVITCTDKIQDDDIAGAVFIDTDRDYSTGYIYSQGYDYVYQFFVMPIIYSDPVKSVTLNDDMISTDTLNIAGKQIIITIPLTMLTSDDGNVDIVVATHTQIVKALDFDRAPDFGVLNVNDGSVKIPYPSNSDAGGSITDRSGDSMSSDIVGFDTNVENGVLNIVVTYNKNIEPEDLSYGDDLNGWILIDTDQNLATGFTNTEQAPPTFGIDYRIEYTIGRILGTDASITKIDHESDLAETGYAQATGVPIGVPYNDATFKIVENKVFMEIPLGLLGHDEGNMDIVVDSFTIQSVLSGDFENVPDNGQGALDTSSGSIKPLLSCTDSKVIVTDPAGDSTGFGADGDDITGIDACYAGDILLVTVTYSSLSLDDGAVTTIALDTDQNPDGIPEYAFVYSLYNGKLGASIFGEAGGKYTAKGVDHLITMSGNKMYISIPLEFLGNDDHSMNLYVETAFVSNKAKIPSSNRSKYGEVYISPDKSTRTIYDRAPDNGYVTIGSTKNDVANNPTNNNLANDNPVDVTKEEPGFESIASISGLIMAVYILRRWG,"['org_sul_trans', 'denitrification', 'denitrification', 'org_phos_hyd', 'org_sul_trans', 'org_phos_hyd', 'oxid_met_c1', 'denitrification', 'denitrification', 'denitrification', 'org_phos_hyd', 'org_phos_hyd', 'oxid_met_c1', 'denitrification', 'denitrification', 'org_sul_trans', 'denitrification', 'denitrification', 'org_sul_trans', 'org_sul_trans', 'odegsyn', 'denitrification', 'denitrification', 'denitrification', 'oxid_met_c1', 'denitrification', 'denitrification', 'odegsyn', 'org_sul_trans', 'denitrification', 'odegsyn', 'org_sul_trans', 'org_sul_trans', 'denitrification', 'denitrification', 'org_sul_trans', 'org_sul_trans', 'org_phos_hyd', 'org_phos_hyd', 'org_sul_trans', 'denitrification', 'denitrification', 'aom', 'denitrification', 'org_phos_hyd', 'denitrification', 'org_sul_trans', 'org_sul_trans', 'aom', 'org_phos_hyd']",23.3044
72,VMIAYYPMIGPTLIYDRYLSQGLTASRPIAVLLILVTLVIFLAVRILSAGWRVYDKD,"['cenmetpat', 'cenmetpat', 'cenmetpat', 'cenmetpat', 'cenmetpat', 'cenmetpat', 'cenmetpat', 'cenmetpat', 'cenmetpat', 'cenmetpat', 'cenmetpat', 'cenmetpat', 'cenmetpat', 'sul_other', 'cenmetpat', 'sul_other', 'cenmetpat', 'cenmetpat', 'cenmetpat', 'cenmetpat', 'cenmetpat', 'org_sul_trans', 'cenmetpat', 'cenmetpat', 'cenmetpat', 'org_sul_trans', 'cenmetpat', 'cenmetpat', 'cenmetpat', 'cenmetpat', 'cenmetpat', 'cenmetpat', 'cenmetpat', 'cenmetpat', 'cenmetpat', 'cenmetpat', 'cenmetpat', 'serine', 'cenmetpat', 'cenmetpat', 'cenmetpat', 'cenmetpat', 'cenmetpat', 'sul_other', 'cenmetpat', 'asssulred', 'cenmetpat', 'cenmetpat', 'cenmetpat', 'purine']",49.30440000000001
73,MGILEEDTVVDINAFSELVADISDTLSGYSNLLKEVSEKKKITNNFKDIKLSDNKYFDLFIGKRILKKDIINISGNIPIYSANVKIPVGYHNQSNIQNFENNFVLWGIDGDFVFNTIQKNNPFVSTDHCGTIRILKNKILPEYLMIQLENVKHKYGFDRELRASLKNMGKVTVQIPFNNNDAIDIEKQQEIIEKYECINELKERVGVFKKQINKLIVEIELSNYNFINCAVTDENIFCLMRGKRITKETIYRNKGNIPVYSSSKSENSVLGHISEKYIMENNLTLLNEPSILFNLDGSVGYCFLKNDVKYSFIDVVASFKPKVKNIDLEYLLYKLREEIHKTDADYQSKLYFNKINNYGISINIPINKKGEFDIEAQKQIAEKYRKIEDIKYIINNELDKIKESVIGIE,"['serine', 'serine', 'asssulred', 'serine', 'ox_phosphorylation', 'SOX', 'asssulred', 'ox_phosphorylation', 'SOX', 'serine', 'SOX', 'serine', 'ox_phosphorylation', 'SOX', 'serine', 'serine', 'org_sul_trans', 'serine', 'ox_phosphorylation', 'odegsyn', 'serine', 'SOX', 'purine', 'serine', 'org_sul_trans', 'serine', 'ox_phosphorylation', 'odegsyn', 'odegsyn', 'ox_phosphorylation', 'ox_phosphorylation', 'ox_phosphorylation', 'ox_phosphorylation', 'purine', 'serine', 'org_sul_trans', 'org_sul_trans', 'serine', 'asssulred', 'serine', 'org_sul_trans', 'SOX', 'serine', 'org_sul_trans', 'serine', 'org_sul_trans', 'SOX', 'SOX', 'odegsyn', 'org_sul_trans']",104.29759999999999
74,MEAILIDTMHVADILIDDSYFDLAQAIQDKKITGIVSVVTLTELVKIGGINHKEKMRNNLNSLINSNLIFVDINHTIAMRAGELRLKYDISTIDSLIAATGIVENVKHILTDDHHFKPLKNQIKSINLKTALKLAK,"['odegsyn', 'asssulred', 'odegsyn', 'odegsyn', 'org_sul_trans', 'org_sul_trans', 'org_sul_trans', 'org_sul_trans', 'org_sul_trans', 'org_sul_trans', 'org_sul_trans', 'org_sul_trans', 'odegsyn', 'org_sul_trans', 'org_sul_trans', 'aom', 'odegsyn', 'org_sul_trans', 'org_sul_trans', 'org_sul_trans', 'org_sul_trans', 'org_sul_trans', 'odegsyn', 'org_sul_trans', 'odegsyn', 'odegsyn', 'odegsyn', 'odegsyn', 'org_sul_trans', 'org_sul_trans', 'odegsyn', 'odegsyn', 'org_sul_trans', 'org_sul_trans', 'org_sul_trans', 'org_sul_trans', 'org_sul_trans', 'odegsyn', 'org_sul_trans', 'odegsyn', 'org_sul_trans', 'asssulred', 'org_sul_trans', 'asssulred', 'org_sul_trans', 'odegsyn', 'odegsyn', 'org_sul_trans', 'org_sul_trans', 'org_sul_trans']",9.486400000000001
75,MGWIVPTPAHVPEKPLFLFVLSNTETAYIPEISAAGKTPELTDYTPAGDAEIVSTGNIASVPVLPITPPYSTPTPAIITRAALNLTGIPHMFINAGLKVVPDVPFVDLMAKPGFDIRKPVAVYDTEGIFKRAQELGSEIGDRTDHLLIGESIPGGTTTAMGVLSALGYNGNVSSSSCSNPLELKNRIVKEGMDVSGVEFGSLRDDPLYAIACLGDPMMVTVAGIVSGINASADGIGVVLAGGTQMAAVFAVIKHLGINTGNISIATTKYVVDDESANFRELVDELGVPVYTADPGFGASNLPGLQRYEAGDVKEGVGAGGAMYLAQMYGVSQEELRLEIEKICIQLCQ,"['purine', 'purine', 'purine', 'purine', 'purine', 'purine', 'purine', 'odegsyn', 'purine', 'purine', 'aceti_met', 'purine', 'purine', 'purine', 'oxid_met_c1', 'odegsyn', 'odegsyn', 'purine', 'odegsyn', 'purine', 'purine', 'odegsyn', 'odegsyn', 'purine', 'purine', 'purine', 'purine', 'org_sul_trans', 'purine', 'purine', 'purine', 'purine', 'purine', 'odegsyn', 'purine', 'purine', 'purine', 'odegsyn', 'odegsyn', 'purine', 'purine', 'purine', 'oxid_met_c1', 'purine', 'purine', 'purine', 'purine', 'purine', 'odegsyn', 'purine']",28.976399999999998
76,MDEIDTQLIKRTQDGITFTHAPFADIATELGISEKDIVARFKNLHKNGVIRRFGASIGHLAIGITANAMCTWNVPDERVEEIGAIMAGFSEVTHCYERPRFPDWPYNLFTMVHAYTREDCNKVAQEISKATGISDYDLLFSEREFKKTGARL,"['odegsyn', 'org_sul_trans', 'purine', 'org_sul_trans', 'org_sul_trans', 'org_sul_trans', 'org_sul_trans', 'org_sul_trans', 'org_sul_trans', 'serine', 'org_sul_trans', 'pyrimidine', 'org_sul_trans', 'org_sul_trans', 'org_sul_trans', 'org_sul_trans', 'org_sul_trans', 'org_sul_trans', 'org_sul_trans', 'org_sul_trans', 'org_sul_trans', 'org_sul_trans', 'org_sul_trans', 'org_sul_trans', 'org_sul_trans', 'org_sul_trans', 'odegsyn', 'org_sul_trans', 'org_sul_trans', 'org_sul_trans', 'org_sul_trans', 'org_sul_trans', 'org_sul_trans', 'org_sul_trans', 'serine', 'org_sul_trans', 'org_sul_trans', 'org_sul_trans', 'org_sul_trans', 'org_sul_trans', 'odegsyn', 'org_sul_trans', 'org_sul_trans', 'org_sul_trans', 'pyrimidine', 'org_sul_trans', 'odegsyn', 'pyrimidine', 'org_sul_trans', 'org_sul_trans']",13.4004
77,MLNLLKRSLAEAPIIKRGEYYYFIHPISDGVPILDPELIGEISDHILGIADTDIDRILTIEAMGIPIATALSLKTGIPLSIVRKRKYELDGEVELSQSTGYSNGELYINGIVKGDRVLIVDDVISTGGTLHALVKALHGIGAIICGIIVVIERGDGSSRLAESGIDVTALVKIDVNENGISIMGVSGE,"['serine', 'serine', 'serine', 'serine', 'rump', 'pentose', 'pyrimidine', 'in_or_sul', 'serine', 'pentose', 'pentose', 'serine', 'serine', 'serine', 'in_or_sul', 'pyrimidine', 'serine', 'serine', 'serine', 'serine', 'pyrimidine', 'serine', 'pentose', 'serine', 'serine', 'pentose', 'in_or_sul', 'in_or_sul', 'serine', 'serine', 'pentose', 'serine', 'serine', 'serine', 'serine', 'pentose', 'pentose', 'cenmetpat', 'serine', 'serine', 'serine', 'serine', 'cenmetpat', 'pentose', 'pyrimidine', 'pentose', 'serine', 'pentose', 'pyrimidine', 'serine']",44.6096
78,MYYNEDCIVGAKLHLKDKSVDLIITDPPFAIDGDKLHKHYNRNEANVIVGYVEIPKNEYKDFSINWTQQAHRVLKDDGAMYVVSGWSNLLDILLALEHNNFEIINHMIWKYNFGVNTTKKYVTSHYHILYCKKQNRKKTKFNTHCRFGPNEKNGNGGSALYSDLEDVWIINREYQSGKTKNKNQLPKELLKKIILYSSDENDLICDFFLGSFSTAKVAKSLNRNSIGFEINPIAFNYQINQLEKIEYGDMLINLKKPEENLYFNQGKSWSKDETNNLMNRYNDMKMKRITNKKAFEILSEEFGRGRFSILNIIKKHKDNHSKTKTSVQKTL,"['org_sul_trans', 'org_sul_trans', 'odegsyn', 'asssulred', 'asssulred', 'org_sul_trans', 'odegsyn', 'asssulred', 'org_sul_trans', 'SOX', 'org_sul_trans', 'org_sul_trans', 'asssulred', 'org_sul_trans', 'org_sul_trans', 'odegsyn', 'pyrimidine', 'SOX', 'org_sul_trans', 'odegsyn', 'purine', 'asssulred', 'purine', 'asssulred', 'asssulred', 'org_sul_trans', 'org_sul_trans', 'org_sul_trans', 'org_phos_hyd', 'purine', 'org_sul_trans', 'asssulred', 'org_sul_trans', 'org_sul_trans', 'asssulred', 'asssulred', 'purine', 'asssulred', 'asssulred', 'org_sul_trans', 'asssulred', 'pyrimidine', 'asssulred', 'odegsyn', 'pyrimidine', 'org_sul_trans', 'org_sul_trans', 'purine', 'asssulred', 'pyrimidine']",57.0084
79,MKMELIIVAILVIFTAQFLYISSTTDAEYGGADGEAEGVIAELTGGTYEPIAEPLWEPPSGEIESLLFSLQAAFGALVIGYFFGYNKGKNQLG,"['cenmetpat', 'cenmetpat', 'cenmetpat', 'cenmetpat', 'cenmetpat', 'cenmetpat', 'cenmetpat', 'cenmetpat', 'cenmetpat', 'oxid_met_c1', 'oxid_met_c1', 'cenmetpat', 'cenmetpat', 'cenmetpat', 'cenmetpat', 'cenmetpat', 'cenmetpat', 'cenmetpat', 'cenmetpat', 'cenmetpat', 'oxid_met_c1', 'cenmetpat', 'cenmetpat', 'oxid_met_c1', 'cenmetpat', 'cenmetpat', 'cenmetpat', 'cenmetpat', 'cenmetpat', 'cenmetpat', 'cenmetpat', 'cenmetpat', 'cenmetpat', 'cenmetpat', 'oxid_met_c1', 'oxid_met_c1', 'cenmetpat', 'cenmetpat', 'cenmetpat', 'cenmetpat', 'cenmetpat', 'cenmetpat', 'cenmetpat', 'cenmetpat', 'cenmetpat', 'cenmetpat', 'cenmetpat', 'oxid_met_c1', 'cenmetpat', 'cenmetpat']",23.59839999999999
80,MNNEKMGAIGLLFIFLILTVGVLAYSLPSNIYSPQRGSATEVSLMEYSNYTNTLFLRSHIFINSPKPTDVIVTSAVPFRMISTQPPADISDKSVGWKGVFSKRSQLHFKEGMYTDLYYEASVPFENPIDITLEFEGDVIRADIVNNGAVPVEDIFVHYYDGGQHIGFAGYLPLINANSNTLLELNDQHPSNDRLVNIMKNDGISKYAGKFLFANKLYPERNIISVRGSYDRTWAWVAYQLPESLHDDVVSITITPSPTQLHRFAWVSIHLDKIPERHIENTGTTSIIKLDEDHHHLGDNVDTALVPNEPEGVSYSTMFTTDLAAGAAELVLTTKNVVPRNASKQFQDNVYINGEYIGKLNDYVINETQDYAPRTVSISFDPALLHPFDNTIEITSGANTEATNYDDFEFYNLKIVIYLNRQMPIIIPEPIPES,"['asssulred', 'asssulred', 'denitrification', 'denitrification', 'asssulred', 'serine', 'denitrification', 'denitrification', 'asssulred', 'asssulred', 'asssulred', 'denitrification', 'asssulred', 'ox_phosphorylation', 'serine', 'asssulred', 'serine', 'cenmetpat', 'denitrification', 'serine', 'asssulred', 'denitrification', 'asssulred', 'asssulred', 'asssulred', 'asssulred', 'serine', 'serine', 'denitrification', 'asssulred', 'asssulred', 'denitrification', 'serine', 'ox_phosphorylation', 'asssulred', 'asssulred', 'sul_other', 'asssulred', 'denitrification', 'asssulred', 'asssulred', 'asssulred', 'asssulred', 'asssulred', 'asssulred', 'asssulred', 'asssulred', 'asssulred', 'asssulred', 'asssulred']",77.06240000000001
81,MVWYTGGNMMPAITVQDLGYTFSDGTAALEHVSFEIEKGESVALIGPNGAGKSTLLLHLNGILHSVTSRESVRILDESVDPKKIHEMPKKIGIVFQNADDMLFMPLLGDDVAFGPINLGLDKEEVQRRVKDALEMVGLVGYEHRVPHHLSGGEKRRAALATVLAMEPEILAMDEPTANLDPKSRRELIEILRKYKEK,"['odegsyn', 'rump', 'rump', 'oxid_met_c1', 'rump', 'rump', 'odegsyn', 'rump', 'purine', 'oxid_met_c1', 'rump', 'rump', 'odegsyn', 'sul_other', 'rump', 'rump', 'oxid_met_c1', 'rump', 'org_sul_trans', 'odegsyn', 'purine', 'purine', 'odegsyn', 'rump', 'oxid_met_c1', 'purine', 'purine', 'purine', 'rump', 'rump', 'purine', 'rump', 'purine', 'purine', 'rump', 'odegsyn', 'rump', 'rump', 'oxid_met_c1', 'purine', 'sul_other', 'rump', 'rump', 'rump', 'rump', 'rump', 'rump', 'rump', 'rump', 'nitfix']",27.723599999999998
82,MADCDLCGVSLPTLNPVKVLVERFASAYPKGMWTGLCDDCLKNAHEVYGNMSTLSGSNGECDLCGTTTELYPVGIEIPSFSKGVDPTVVQLCKGCLEASSKAQIRKANEPKSEHH,"['org_sul_trans', 'oxid_formaldehyde', 'oxid_formaldehyde', 'oxid_formaldehyde', 'dissnitred', 'oxid_formaldehyde', 'aceti_met', 'dissnitred', 'dsro', 'dissnitred', 'oxid_met_c1', 'cenmetpat', 'aceti_met', 'oxid_formaldehyde', 'oxid_formate', 'dissnitred', 'cenmetpat', 'oxid_formaldehyde', 'aceti_met', 'cenmetpat', 'oxid_formaldehyde', 'cenmetpat', 'oxid_met_c1', 'cenmetpat', 'org_sul_trans', 'oxid_formaldehyde', 'dissnitred', 'oxid_formaldehyde', 'dsro', 'dissnitred', 'cenmetpat', 'aceti_met', 'dissnitred', 'oxid_formaldehyde', 'oxid_formaldehyde', 'oxid_formaldehyde', 'aceti_met', 'aceti_met', 'dsro', 'cenmetpat', 'aceti_met', 'cenmetpat', 'oxid_formaldehyde', 'oxid_formaldehyde', 'cenmetpat', 'cenmetpat', 'cenmetpat', 'org_sul_trans', 'cenmetpat', 'oxid_formaldehyde']",42.1716
83,MEGLTDHLTGYFPRPCEGEEIPIYFLDLEEKIAGWSPELKRTLYVDNVAGTEELKRVRNVTLLKVYNWLGNGESIIELSDPERMQFEDVMDELVNKGGEIHYARKKINGKIANIFRLEKDAPARGDVKKMSLADLL,"['pyrimidine', 'serine', 'serine', 'serine', 'serine', 'serine', 'serine', 'serine', 'serine', 'serine', 'pyrimidine', 'serine', 'serine', 'serine', 'serine', 'serine', 'serine', 'serine', 'serine', 'serine', 'serine', 'serine', 'serine', 'serine', 'serine', 'serine', 'aom', 'serine', 'serine', 'serine', 'serine', 'serine', 'serine', 'serine', 'serine', 'serine', 'serine', 'serine', 'serine', 'serine', 'serine', 'serine', 'serine', 'serine', 'serine', 'serine', 'serine', 'serine', 'serine', 'serine']",13.470399999999994
84,MYAYEALKAELEKIDSLEFIFTAPTFVANEVTDKVSRERREFHISKQQREQNLYGSEFEIQLKNKLAQRAIAKECADWIRRKATFCSNSTKSPMQQFACLNTDNEDTSYMPLHGFTAVDLGYSQGDAVSNFINKFDDAVSTKTWLNLFDLIWEDDSKLQDVTDSICTHIESVYQENSPEKIYFLMLYNIFNEFLEDLNDDVLPNDLTGYKNTVVWNKLFNFQQDAATGIINKLESYNGCILADSVGLGKTFTALAVIKYYELRNRSVLVLCPKKLEDNWQTYRSNYKTNILAQDRLNYDVLFHTDLSRRIGKSSGLDLKKINWGNYDLVVIDESHNFRNNDTYKDKETRYQKLMNSVVRDGVKTKVLMLSATPVNNQFNDLRNQLALAYEGESKNLSQKLRTGKNIEEIFRQAQTVFNQWSKLPPEKRTARAILDALEFDFFELLDSVTIARSRKHIETFYDTTEIGKFPLRRKPLSFRCPLAEHSDVMSFNEIYTQLSLLKLSVYAPVNYILSSRLKKYEELYDTSIEGGKGKLRQADREKSLQSLMTTNLLKRLESSVESFRLTLGTLEGKHKYM,"['serine', 'serine', 'serine', 'serine', 'org_sul_trans', 'serine', 'serine', 'org_sul_trans', 'org_sul_trans', 'serine', 'org_sul_trans', 'serine', 'serine', 'serine', 'serine', 'serine', 'serine', 'serine', 'serine', 'serine', 'serine', 'serine', 'asssulred', 'serine', 'serine', 'serine', 'serine', 'serine', 'org_sul_trans', 'serine', 'serine', 'serine', 'serine', 'serine', 'asssulred', 'serine', 'serine', 'org_sul_trans', 'serine', 'asssulred', 'serine', 'serine', 'serine', 'serine', 'serine', 'serine', 'serine', 'serine', 'serine', 'serine']",45.84
85,MIKTRLRDFIITKDDWIFAVADYFHPDGIRSTFRYVPDENGERELGGIHYKKYDFDVAFEFMRKNRPEWVQDVHVVPENEIKHLLHPNDCIPYLVKTDHRVAVIVGTLQDAGIPLSRMGVTGSLLPGLQNETSDIDFVVYGNDWFTARNAIAVAMLKGSIIEDIDDAMWQRIYDKRIPEIPFDEFILHEKRKGNRGMVDGTYFDLLFVRDWSQIKEPMPRGKDIGTMKIEATVTNADLAFDTPSVYKVDHEDIDHVLSYTHTYAGQALVGEVIEARGMVEQVGDMKRLVVGTSREPKGEWIRSLTLLKMSGLI,"['assnitred', 'org_sul_trans', 'org_sul_trans', 'org_sul_trans', 'org_sul_trans', 'org_sul_trans', 'org_sul_trans', 'org_sul_trans', 'assnitred', 'org_sul_trans', 'assnitred', 'org_sul_trans', 'org_sul_trans', 'org_sul_trans', 'org_sul_trans', 'org_sul_trans', 'org_sul_trans', 'org_sul_trans', 'assnitred', 'org_sul_trans', 'phosphotransferase', 'sulfur_ox', 'assnitred', 'org_sul_trans', 'org_sul_trans', 'org_sul_trans', 'assnitred', 'org_sul_trans', 'assnitred', 'org_sul_trans', 'org_sul_trans', 'org_sul_trans', 'org_sul_trans', 'assnitred', 'assnitred', 'org_sul_trans', 'org_sul_trans', 'org_sul_trans', 'org_sul_trans', 'dissnitred', 'org_sul_trans', 'assnitred', 'org_sul_trans', 'org_sul_trans', 'org_sul_trans', 'org_sul_trans', 'assnitred', 'asssulred', 'org_sul_trans', 'assnitred']",36.9316
86,MVEITEMAAAELKSLLESEEKQDHSLRIFIAGMGCSGIQYGLALDNESKEDDVTVSSNDVSIVMSKDVSEALTEAKVDYIDTAHGKGFVIDNPNAASACGSGCSSCH,"['serine', 'org_sul_trans', 'org_sul_trans', 'aom', 'org_sul_trans', 'org_sul_trans', 'aom', 'org_sul_trans', 'sulfur_ox', 'aom', 'sulfur_ox', 'org_sul_trans', 'org_sul_trans', 'org_sul_trans', 'org_sul_trans', 'org_sul_trans', 'sulfur_ox', 'sulfur_ox', 'org_sul_trans', 'org_sul_trans', 'org_sul_trans', 'org_sul_trans', 'org_sul_trans', 'denitrification', 'org_sul_trans', 'aceti_met', 'org_sul_trans', 'aom', 'denitrification', 'aom', 'org_sul_trans', 'org_sul_trans', 'aceti_met', 'org_sul_trans', 'aom', 'org_sul_trans', 'org_sul_trans', 'sulfur_ox', 'org_sul_trans', 'org_sul_trans', 'org_sul_trans', 'sulfur_ox', 'org_sul_trans', 'org_sul_trans', 'org_sul_trans', 'org_sul_trans', 'org_sul_trans', 'aom', 'org_sul_trans', 'org_sul_trans']",69.64000000000001
87,YFHTSDDYISVTDIARFKDSKRTDYIIQNWMRNRNTIVFFGILGRLNNLDFKPIEFNGFRNKAGLNNFILTPRDCRFSPQFSCTQGALPTYFHLYKTILSTFDGFSTFKPNIHPYIPFF,"['serine', 'serine', 'serine', 'org_sul_trans', 'serine', 'serine', 'serine', 'org_sul_trans', 'org_sul_trans', 'serine', 'pyrimidine', 'serine', 'serine', 'pyrimidine', 'serine', 'org_sul_trans', 'org_sul_trans', 'pyrimidine', 'serine', 'serine', 'serine', 'org_sul_trans', 'pyrimidine', 'pyrimidine', 'pyrimidine', 'pyrimidine', 'serine', 'org_sul_trans', 'serine', 'oxid_met_c1', 'pyrimidine', 'oxid_met_c1', 'serine', 'pyrimidine', 'serine', 'serine', 'serine', 'serine', 'serine', 'serine', 'pyrimidine', 'pyrimidine', 'pyrimidine', 'org_sul_trans', 'org_sul_trans', 'serine', 'serine', 'serine', 'pyrimidine', 'serine']",23.8896
88,MIFPDEYKNVGVTSIHPDDAGNKVYFLSDYIIAEQKLDNGTSKYLLYHVKKSGEELLQNVESIDIIASGKQIIKYEKELNIKNRALLIETASKLCQGDVNTVIFTGVDKHVTFVHAPDPSSIIEIEIVDVVPPEPSWLIHVIRRLETSGIFGDFGLRFSENVTDLRQFEGEDTVFPCTASGLKGKYLDSDIITKNGSLIVGCEISRTLVKLRFPELEYTLVNICPFKSDIFKPTKPFITRCCRSDRSGLVTINDIEGVVVHWGASEFDVAEAIRKLVLHIKEQG,"['asssulred', 'asssulred', 'asssulred', 'asssulred', 'asssulred', 'asssulred', 'asssulred', 'asssulred', 'asssulred', 'purine', 'asssulred', 'asssulred', 'asssulred', 'asssulred', 'asssulred', 'asssulred', 'asssulred', 'asssulred', 'asssulred', 'asssulred', 'asssulred', 'asssulred', 'asssulred', 'asssulred', 'ox_phosphorylation', 'asssulred', 'asssulred', 'purine', 'asssulred', 'asssulred', 'asssulred', 'asssulred', 'asssulred', 'asssulred', 'asssulred', 'asssulred', 'asssulred', 'asssulred', 'asssulred', 'asssulred', 'asssulred', 'asssulred', 'asssulred', 'asssulred', 'asssulred', 'purine', 'asssulred', 'asssulred', 'asssulred', 'asssulred']",24.806399999999993
89,MYSIIAIDISGRHKINNRYYMVCAAVSMLITADHIEKVNQVKVKPFWLDSAPGLTDIIQVIEDTAKEIEFEGTIITEHGEMYNQPERVVASMFPCDFKYQESLGERRAIELAHHISLCARNLLVKEIGIEC,"['serine', 'aom', 'aom', 'aom', 'serine', 'serine', 'odegsyn', 'serine', 'serine', 'purine', 'odegsyn', 'purine', 'odegsyn', 'serine', 'serine', 'odegsyn', 'odegsyn', 'serine', 'odegsyn', 'serine', 'serine', 'serine', 'serine', 'serine', 'odegsyn', 'odegsyn', 'aom', 'odegsyn', 'odegsyn', 'serine', 'odegsyn', 'serine', 'serine', 'serine', 'serine', 'purine', 'odegsyn', 'odegsyn', 'serine', 'serine', 'odegsyn', 'serine', 'serine', 'odegsyn', 'purine', 'purine', 'odegsyn', 'odegsyn', 'odegsyn', 'odegsyn']",74.2676
90,MEIINDISIKNFKGIEEMDFPCGSINIIVGPNNTGKSSILQSIWLAITSLNDFTDVMDNEISEIVVDEFNFKYLINQGKETSSIQLNLFNDDEINLDIIYSKKNKYYPELSNYFSNFISDLSYLKSEFPLNQGLSYRVFRELQKTNRSLKSDESKEKLDNILNEISLQMDSEIKKIGNELLDSEKLFIRSKLNNDLISMCAIADDFNENIYQSEEEIPIIDIPLIISSPHLGDNTHLLYEKLFNTKKLSHVLGNLKNKISYFEDIGIIDDEIRVSLTDNDQTLPLSSMGDGFKGLLKLSFMAPLIKHGIVLFEEPENSMHPGYFEILAKEIVSNSHDSQFFITTHSLEFLEYLLEKSEKLGVIDSVKILRLTRRAGNFIDREVYSGIDAKKDIEDIKIDLRGY,"['asssulred', 'asssulred', 'odegsyn', 'asssulred', 'asssulred', 'asssulred', 'asssulred', 'asssulred', 'asssulred', 'asssulred', 'asssulred', 'asssulred', 'asssulred', 'asssulred', 'asssulred', 'asssulred', 'ox_phosphorylation', 'asssulred', 'asssulred', 'odegsyn', 'odegsyn', 'asssulred', 'asssulred', 'asssulred', 'asssulred', 'asssulred', 'asssulred', 'asssulred', 'asssulred', 'asssulred', 'asssulred', 'asssulred', 'asssulred', 'asssulred', 'asssulred', 'asssulred', 'asssulred', 'asssulred', 'asssulred', 'asssulred', 'asssulred', 'asssulred', 'asssulred', 'asssulred', 'asssulred', 'asssulred', 'asssulred', 'asssulred', 'asssulred', 'asssulred']",7.1316
91,MAKITPSINTNNLTAVQIMEIDACTRCGECVDWCPTYDAKDKSPGLAPRDKIKRWKSFMDRSYGLRAKLFGPKPVNDDEMQEFSDDLYHCTTCGVCGTVCEVGINTVELWESIRANLVKRGNGPYGKQNMFPKLIKEYRNPYMKDQKDRLLW,"['org_sul_trans', 'oxid_formate', 'org_sul_trans', 'serine', 'oxid_formate', 'serine', 'oxid_formate', 'oxid_formate', 'oxid_formate', 'org_sul_trans', 'serine', 'oxid_formate', 'oxid_formate', 'serine', 'oxid_formate', 'oxid_formate', 'oxid_formate', 'oxid_formate', 'oxid_formate', 'oxid_formate', 'oxid_formate', 'oxid_formate', 'oxid_formate', 'oxid_formate', 'org_sul_trans', 'oxid_formate', 'oxid_formate', 'oxid_formate', 'org_sul_trans', 'oxid_formate', 'oxid_formate', 'serine', 'oxid_formate', 'org_sul_trans', 'serine', 'oxid_formate', 'oxid_formate', 'oxid_formate', 'oxid_formate', 'oxid_formate', 'oxid_formate', 'serine', 'serine', 'org_sul_trans', 'org_sul_trans', 'serine', 'org_sul_trans', 'oxid_formate', 'dsro', 'oxid_formate']",20.496399999999998
92,MEDLLLLLLIVFLAKVFGEVIERAGFPAILGEISAGIVIGVLFIEPDSEVLSFFAELGAIFLLFTAGYREVHIAQLRSASGKALIPTISQMFFAFGSGFLLGLVFNLGFLQSIFMGVAFSPTSIGVVVKTLIDFDYLSSRPGTMMLTSAIFDDIIGIFLLSIVVTMATYNQAPSGMQILIIAAKLVGYMVIMGFLGLKVFPRLFTCVQKMHVKESIFAFVIIIALFSAYLAEVFGLHAVIGAFIGGLLISDIPLAKISNVQSKVSGLAYGIFVPIFFAFIGMSVELEIVKTSGLFIALVVVLALLGKLIGGFIGTRLIGFDYHDSLVFGLGMMPRAGVELVVISAGRTMGIIGDEAFSAIVLMVVISIIVSPILLKVAIMNKGIFGRSAN,"['cenmetpat', 'cenmetpat', 'cenmetpat', 'cenmetpat', 'cenmetpat', 'cenmetpat', 'sul_other', 'cenmetpat', 'sul_other', 'cenmetpat', 'sul_other', 'cenmetpat', 'cenmetpat', 'cenmetpat', 'cenmetpat', 'cenmetpat', 'cenmetpat', 'sul_other', 'sul_other', 'cenmetpat', 'sul_other', 'cenmetpat', 'cenmetpat', 'cenmetpat', 'cenmetpat', 'cenmetpat', 'cenmetpat', 'cenmetpat', 'cenmetpat', 'sul_other', 'cenmetpat', 'cenmetpat', 'cenmetpat', 'sul_other', 'cenmetpat', 'cenmetpat', 'sul_other', 'cenmetpat', 'cenmetpat', 'cenmetpat', 'cenmetpat', 'cenmetpat', 'cenmetpat', 'cenmetpat', 'cenmetpat', 'cenmetpat', 'cenmetpat', 'sul_other', 'cenmetpat', 'cenmetpat']",92.16
93,MTNAMEIYKFLPKTNCKECGKATCMAFAVSLLSRELTVGDCPPLKEDDFKANYEKLSGMLTPVKGAAETGMIVHEDKCFGCGNCVVACPVNVADDPHGTGIGRAPTSDKVILRVEDGIVRTSNVHECRRFGMDKILCNGCIVTCPTEAIEFV,"['oxid_formate', 'sulred', 'oxid_formate', 'sulred', 'cenmetpat', 'oxid_formate', 'sulred', 'aceti_met', 'aceti_met', 'aceti_met', 'sulred', 'aceti_met', 'aceti_met', 'aceti_met', 'oxid_formate', 'oxid_formate', 'aceti_met', 'sulred', 'aceti_met', 'aceti_met', 'aceti_met', 'sulred', 'aceti_met', 'aceti_met', 'aceti_met', 'aceti_met', 'cenmetpat', 'sulred', 'aceti_met', 'aceti_met', 'sulred', 'aceti_met', 'aceti_met', 'oxid_formate', 'aceti_met', 'oxid_formate', 'aceti_met', 'aceti_met', 'aceti_met', 'sulred', 'oxid_formate', 'sulred', 'aceti_met', 'cenmetpat', 'aceti_met', 'oxid_formate', 'sulred', 'aceti_met', 'oxid_formate', 'aceti_met']",171.8964
94,MKSMSIKIKTLTPIWTGGVNGKCDILHETGIIGSMRWWYEAIVRGLGEDACDPTGRGCIFDKGKYDNAKNKGENEHEALHTAGLCDVCQLFGATGWKRRFNLTITDNNTGSAWEGEGFNVRPPSRSHGWFLEAGMVGSFTLMIRGDPDAIKRLAALFIFLEKWGAIGAKSQLGYGFFEITNCDEIQGYAMDWSEIHNQVDLSGLPDLRQFTFFKYRFKPSRDDWWTRVGGLQRLLGNPKTASKLSELAKSYGIVPVSPVLKNQWRYVEWSAPSATKRWIFGTSDQEKRKGKISISWAYREKDMWVVRGWAWLPEEERIKSRTIQHRQEIGVVVNMLKNELVWKKTLNLDNNSRTDLYVERLANTGNNIGNDKVINFLKR,"['serine', 'assnitred', 'oxid_formate', 'in_or_sul', 'serine', 'aceti_met', 'pyruvate', 'serine', 'org_sul_trans', 'assnitred', 'aom', 'assnitred', 'serine', 'assnitred', 'serine', 'serine', 'pyruvate', 'assnitred', 'serine', 'aom', 'assnitred', 'in_or_sul', 'in_or_sul', 'serine', 'in_or_sul', 'serine', 'aom', 'pyruvate', 'in_or_sul', 'assnitred', 'in_or_sul', 'serine', 'assnitred', 'serine', 'serine', 'serine', 'in_or_sul', 'assnitred', 'assnitred', 'in_or_sul', 'in_or_sul', 'org_sul_trans', 'serine', 'in_or_sul', 'serine', 'in_or_sul', 'assnitred', 'assnitred', 'serine', 'aom']",121.58439999999999
95,MNTRTIIEGTTKVLVPIPPEGVSFPPSAAPVFYNPEMELNRDINVAATAAFVNRLVLILRSQRDDIVTTDVTYVDALSASGIRGIRIANELGISAVLNDWNEDSYNLIIKNIELNELPETTTASHKNANVLLHEKRFNIVDLDPFGTPAPFLDSAARSAVHLLEVTATDTAPLCGAHLNSGIRKYAAVPLNNEYHSEMGVRILLGKIARELAKHEKAMIPLLSHATRHYVRTYVQVKKGAKHADKTLKNMGFMSNCPDCGFRKPVFGLAVHIDKECPVCGTTTGIAGPLWLGQLHEVKFCDEVLLELEKRSLNTQKKAMGIITLCRDELKIPMFYDQHVICKRLGISASTIGSLISALKEHGYEASRTHFDGISFKTNAGITDIEKIMLSERSG,"['assnitred', 'assnitred', 'assnitred', 'assnitred', 'asssulred', 'asssulred', 'assnitred', 'asssulred', 'assnitred', 'asssulred', 'asssulred', 'assnitred', 'assnitred', 'aceti_met', 'assnitred', 'assnitred', 'assnitred', 'assnitred', 'assnitred', 'asssulred', 'asssulred', 'assnitred', 'assnitred', 'assnitred', 'assnitred', 'assnitred', 'assnitred', 'assnitred', 'asssulred', 'assnitred', 'aceti_met', 'asssulred', 'assnitred', 'assnitred', 'assnitred', 'assnitred', 'assnitred', 'assnitred', 'assnitred', 'assnitred', 'assnitred', 'asssulred', 'assnitred', 'assnitred', 'assnitred', 'assnitred', 'assnitred', 'assnitred', 'aceti_met', 'aceti_met']",0.9184
96,MVCCSEHLLSVMVVSCIFAPWVHHGPLDLQAIRDVDAGTCTANEAFIHAEVLKNTTYAGRKELLESAARGEKNTCLRLILSLCLL,"['dissnitred', 'dissnitred', 'dissnitred', 'dissnitred', 'dissnitred', 'dissnitred', 'dissnitred', 'dissnitred', 'dissnitred', 'dissnitred', 'dissnitred', 'dissnitred', 'dissnitred', 'dissnitred', 'dissnitred', 'dissnitred', 'dissnitred', 'dissnitred', 'dissnitred', 'dissnitred', 'dissnitred', 'dissnitred', 'dissnitred', 'dissnitred', 'dissnitred', 'dissnitred', 'dissnitred', 'dissnitred', 'dissnitred', 'dissnitred', 'dissnitred', 'dissnitred', 'dissnitred', 'dissnitred', 'dissnitred', 'dissnitred', 'dissnitred', 'dissnitred', 'dissnitred', 'dissnitred', 'dissnitred', 'dissnitred', 'dissnitred', 'dissnitred', 'dissnitred', 'dissnitred', 'dissnitred', 'dsro', 'dissnitred', 'dissnitred']",0.019599999999999996
97,MISGGTVSGSNTLFGNQRLDPYNTHNFIVEIEGIIIGGFSEVSGLNIETEVESIKEGGANDIEYKLPKGTKYSNITLKHGITDFDLIWRWYDDVINGKVKRKNGSIFLCDQNGSPLVTWGFVDAYPIKLDGPSLNATTSNIATETLTLAHHGLKRIV,"['purine', 'org_sul_trans', 'org_sul_trans', 'serine', 'purine', 'purine', 'pentose', 'org_sul_trans', 'pentose', 'sul_other', 'purine', 'org_sul_trans', 'org_sul_trans', 'org_sul_trans', 'transporters', 'org_sul_trans', 'org_sul_trans', 'org_sul_trans', 'org_sul_trans', 'org_sul_trans', 'org_sul_trans', 'org_sul_trans', 'serine', 'purine', 'org_sul_trans', 'org_sul_trans', 'org_sul_trans', 'org_sul_trans', 'org_sul_trans', 'org_sul_trans', 'purine', 'org_sul_trans', 'org_sul_trans', 'purine', 'org_sul_trans', 'org_sul_trans', 'org_sul_trans', 'org_sul_trans', 'org_sul_trans', 'org_sul_trans', 'org_sul_trans', 'org_sul_trans', 'org_sul_trans', 'org_sul_trans', 'serine', 'org_sul_trans', 'org_sul_trans', 'oxid_formate', 'purine', 'org_sul_trans']",24.9456
98,MFNYVLKRILQLIPALLIVSVASFSIIYFAPGDPAETICTGPDGNTNPESVEKFRIEMGLDKPLHTQYLIWLNNVVHGDLGYSFRSEKPVFEHIITAFKATLKLSIVSLVVSLIIAVPLGILSAIRQNSLIDVSCMVGASLGVSMPNFWLGLLLMLLFGVYLHWLPVAGYGAGGDIEHIILPAITLGTGSAAVTARLMRSSMLEALGQDYIQTARAKGVPEQVVIGKHALKNALIPVVTMVGLNFGYLLNGSVVVETIFGWPGLGSLIVDSINMRDYMMVQGCMIFVAVLFVAVNMIVDISYKYIDPRIHYGAA,"['asssulred', 'cenmetpat', 'cenmetpat', 'asssulred', 'cenmetpat', 'denitrification', 'asssulred', 'cenmetpat', 'denitrification', 'cenmetpat', 'asssulred', 'cenmetpat', 'cenmetpat', 'asssulred', 'cenmetpat', 'cenmetpat', 'cenmetpat', 'cenmetpat', 'cenmetpat', 'asssulred', 'asssulred', 'cenmetpat', 'sulfur_ox', 'cenmetpat', 'cenmetpat', 'cenmetpat', 'sulfur_ox', 'cenmetpat', 'cenmetpat', 'cenmetpat', 'asssulred', 'cenmetpat', 'asssulred', 'denitrification', 'cenmetpat', 'cenmetpat', 'asssulred', 'cenmetpat', 'asssulred', 'sulfur_ox', 'cenmetpat', 'cenmetpat', 'cenmetpat', 'cenmetpat', 'cenmetpat', 'cenmetpat', 'cenmetpat', 'asssulred', 'denitrification', 'cenmetpat']",38.920000000000016
99,MKDKTVWIKADEGNWDKRKGRITTGLESGVECVLVNADDVERVRELGDIKVAAFATDNKSGADIVVVGKDGEGDGTKPMPPDFSGSLDITTASGLVDKGVPVAGYVVIRNKKYEEFAAELGKVCDYIITIGTDWQVIPLENLIVNLQDKDVSIISGVQTPKEAKLALETMEHGSDGVLLDSDDPNHIKRTVAIAERSGVEGIGLVPATVTKVEAVGMGDRVCVDTCNLMVKGEGMLVGSQSNGMFLIHSESEESPYVAARPFRVNAGAVHAYVRIGDKTRYLSELESGDEITIVGSDGNQRTGIVGRVKIERRPLTLVEAEVEGTIIKTILQNAETIKLVGKDGNPISVADIKKGDEILVHFEDTARHFGMKVEETIIEK,"['purine', 'pentose', 'serine', 'pentose', 'odegsyn', 'purine', 'purine', 'odegsyn', 'pentose', 'purine', 'serine', 'pentose', 'serine', 'odegsyn', 'serine', 'odegsyn', 'serine', 'org_sul_trans', 'purine', 'org_sul_trans', 'odegsyn', 'purine', 'pentose', 'serine', 'pentose', 'serine', 'purine', 'purine', 'purine', 'purine', 'purine', 'serine', 'serine', 'serine', 'purine', 'odegsyn', 'pentose', 'pentose', 'odegsyn', 'purine', 'serine', 'odegsyn', 'odegsyn', 'serine', 'pentose', 'pentose', 'serine', 'odegsyn', 'pentose', 'pentose']",29.2896
